num_poste,num_poste,nom_usuel,lat,lon,alti,aaaammjj,rr,qrr,tn,qtn,htn,qhtn,tx,qtx,htx,qhtx,tm,qtm,tntxm,qtntxm,tampli,qtampli,tnsol,qtnsol,tn50,qtn50,dg,qdg,ffm,qffm,ff2m,qff2m,fxy,qfxy,dxy,qdxy,hxy,qhxy,fxi,qfxi,dxi,qdxi,hxi,qhxi,fxi2,qfxi2,dxi2,qdxi2,hxi2,qhxi2,fxi3s,qfxi3s,dxi3s,qdxi3s,hxi3s,qhxi3s,drr,qdrr
74093001,74093001,CRAN-GEVRIER,45.910833,6.107833,426,20230508,0,1,11.9,1,353,9,21.5,1,1505,9,16.4,1,16.7,1,9.6,1,,,,,0,9,,,,,,,,,,,,,,,,,,,,,,,,,,,,,,
74093001,74093001,CRAN-GEVRIER,45.910833,6.107833,426,20230716,0,1,18.6,1,531,9,29.3,1,1456,9,23.8,1,24,1,10.7,1,,,,,0,9,,,,,,,,,,,,,,,,,,,,,,,,,,,,,,
74093001,74093001,CRAN-GEVRIER,45.910833,6.107833,426,20231114,19.2,1,11.5,1,1854,9,14.6,1,1403,9,12.7,1,13.1,1,3.1,1,,,,,0,9,,,,,,,,,,,,,,,,,,,,,,,,,,,,,,
74093001,74093001,CRAN-GEVRIER,45.910833,6.107833,426,20230913,18.1,1,16.4,1,1037,9,21.4,1,836,9,17.9,1,18.9,1,5,1,,,,,0,9,,,,,,,,,,,,,,,,,,,,,,,,,,,,,,
74093001,74093001,CRAN-GEVRIER,45.910833,6.107833,426,20230301,0,1,0.4,1,2132,9,4.5,1,1506,9,2.2,1,2.5,1,4.1,1,,,,,0,9,,,,,,,,,,,,,,,,,,,,,,,,,,,,,,
74093001,74093001,CRAN-GEVRIER,45.910833,6.107833,426,20230521,0,1,10,1,245,9,21.6,1,1512,9,16.1,1,15.8,1,11.6,1,,,,,0,9,,,,,,,,,,,,,,,,,,,,,,,,,,,,,,
74093001,74093001,CRAN-GEVRIER,45.910833,6.107833,426,20231212,33,1,9.7,1,517,9,11.4,1,1008,9,10.3,1,10.6,1,1.7,1,,,,,0,9,,,,,,,,,,,,,,,,,,,,,,,,,,,,,,
74093001,74093001,CRAN-GEVRIER,45.910833,6.107833,426,20230219,0,1,-0.9,1,434,9,16.1,1,1438,9,6.2,1,7.6,1,17,1,,,,,227,9,,,,,,,,,,,,,,,,,,,,,,,,,,,,,,
74093001,74093001,CRAN-GEVRIER,45.910833,6.107833,426,20230430,0.8,1,9.8,1,42,9,15.9,1,1307,9,13.1,1,12.9,1,6.1,1,,,,,0,9,,,,,,,,,,,,,,,,,,,,,,,,,,,,,,
74093001,74093001,CRAN-GEVRIER,45.910833,6.107833,426,20230115,11.7,1,2,1,1745,9,7.6,1,901,9,4.5,1,4.8,1,5.6,1,,,,,120,9,,,,,,,,,,,,,,,,,,,,,,,,,,,,,,
74093001,74093001,CRAN-GEVRIER,45.910833,6.107833,426,20230106,0,1,5.2,1,2028,9,9.4,1,1151,9,7.7,1,7.3,1,4.2,1,,,,,0,9,,,,,,,,,,,,,,,,,,,,,,,,,,,,,,
74093001,74093001,CRAN-GEVRIER,45.910833,6.107833,426,20230308,14.7,1,0.3,1,240,9,11.4,1,235,9,6.2,1,5.9,1,11.1,1,,,,,0,9,,,,,,,,,,,,,,,,,,,,,,,,,,,,,,
74093001,74093001,CRAN-GEVRIER,45.910833,6.107833,426,20230626,0,1,15.8,1,349,9,31.3,1,1443,9,23.9,1,23.6,1,15.5,1,,,,,0,9,,,,,,,,,,,,,,,,,,,,,,,,,,,,,,
74093001,74093001,CRAN-GEVRIER,45.910833,6.107833,426,20230208,0,1,-5.8,1,633,9,7.1,1,1433,9,-1,1,0.7,1,12.9,1,,,,,921,9,,,,,,,,,,,,,,,,,,,,,,,,,,,,,,
74093001,74093001,CRAN-GEVRIER,45.910833,6.107833,426,20231214,0.8,1,4.8,1,338,9,7.9,1,1104,9,5.9,1,6.4,1,3.1,1,,,,,0,9,,,,,,,,,,,,,,,,,,,,,,,,,,,,,,
74093001,74093001,CRAN-GEVRIER,45.910833,6.107833,426,20230618,0,1,13.3,1,418,9,29.2,1,1518,9,22.8,1,21.3,1,15.9,1,,,,,0,9,,,,,,,,,,,,,,,,,,,,,,,,,,,,,,
74093001,74093001,CRAN-GEVRIER,45.910833,6.107833,426,20230802,2,1,18.3,1,22,9,32.6,1,1427,9,23.7,1,25.5,1,14.3,1,,,,,0,9,,,,,,,,,,,,,,,,,,,,,,,,,,,,,,
74093001,74093001,CRAN-GEVRIER,45.910833,6.107833,426,20230914,0,1,14.6,1,256,9,25.1,1,1547,9,19.1,1,19.9,1,10.5,1,,,,,0,9,,,,,,,,,,,,,,,,,,,,,,,,,,,,,,
74093001,74093001,CRAN-GEVRIER,45.910833,6.107833,426,20230409,0,1,0.6,1,533,9,18.8,1,1507,9,9.5,1,9.7,1,18.2,1,,,,,0,9,,,,,,,,,,,,,,,,,,,,,,,,,,,,,,
74093001,74093001,CRAN-GEVRIER,45.910833,6.107833,426,20231104,26.2,1,5.2,1,647,9,13,1,424,9,7.9,1,9.1,1,7.8,1,,,,,0,9,,,,,,,,,,,,,,,,,,,,,,,,,,,,,,
74093001,74093001,CRAN-GEVRIER,45.910833,6.107833,426,20231105,12.9,1,8.1,1,1342,9,13,1,659,9,9.6,1,10.6,1,4.9,1,,,,,0,9,,,,,,,,,,,,,,,,,,,,,,,,,,,,,,
74093001,74093001,CRAN-GEVRIER,45.910833,6.107833,426,20230601,0,1,11,1,357,9,27.7,1,1619,9,20.1,1,19.4,1,16.7,1,,,,,0,9,,,,,,,,,,,,,,,,,,,,,,,,,,,,,,
74093001,74093001,CRAN-GEVRIER,45.910833,6.107833,426,20230702,0.2,1,16.7,1,302,9,26.1,1,1627,9,20.5,1,21.4,1,9.4,1,,,,,0,9,,,,,,,,,,,,,,,,,,,,,,,,,,,,,,
74093001,74093001,CRAN-GEVRIER,45.910833,6.107833,426,20230903,0,1,13.7,1,526,9,30.1,1,1422,9,22,1,21.9,1,16.4,1,,,,,0,9,,,,,,,,,,,,,,,,,,,,,,,,,,,,,,
74093001,74093001,CRAN-GEVRIER,45.910833,6.107833,426,20230102,4,1,3.5,1,459,9,13.8,1,1335,9,7.6,1,8.7,1,10.3,1,,,,,0,9,,,,,,,,,,,,,,,,,,,,,,,,,,,,,,
74093001,74093001,CRAN-GEVRIER,45.910833,6.107833,426,20230813,0,1,17,1,435,9,32.8,1,1347,9,24.4,1,24.9,1,15.8,1,,,,,0,9,,,,,,,,,,,,,,,,,,,,,,,,,,,,,,
74093001,74093001,CRAN-GEVRIER,45.910833,6.107833,426,20230223,0.2,1,6.3,1,9,9,15.8,1,1439,9,9.2,1,11.1,1,9.5,1,,,,,0,9,,,,,,,,,,,,,,,,,,,,,,,,,,,,,,
74093001,74093001,CRAN-GEVRIER,45.910833,6.107833,426,20230920,0,1,10.3,1,524,9,25.4,1,1351,9,17.7,1,17.9,1,15.1,1,,,,,0,9,,,,,,,,,,,,,,,,,,,,,,,,,,,,,,
74093001,74093001,CRAN-GEVRIER,45.910833,6.107833,426,20230302,0,1,1,1,548,9,10.4,1,1517,9,3.8,1,5.7,1,9.4,1,,,,,99,9,,,,,,,,,,,,,,,,,,,,,,,,,,,,,,
74093001,74093001,CRAN-GEVRIER,45.910833,6.107833,426,20230625,0,1,14.2,1,411,9,32.1,1,1605,9,23.6,1,23.2,1,17.9,1,,,,,0,9,,,,,,,,,,,,,,,,,,,,,,,,,,,,,,
74093001,74093001,CRAN-GEVRIER,45.910833,6.107833,426,20230505,0,1,9.5,1,331,9,24.5,1,1328,9,17.5,1,17,1,15,1,,,,,0,9,,,,,,,,,,,,,,,,,,,,,,,,,,,,,,
74093001,74093001,CRAN-GEVRIER,45.910833,6.107833,426,20230927,0,1,7.3,1,459,9,25.7,1,1513,9,15.8,1,16.5,1,18.4,1,,,,,0,9,,,,,,,,,,,,,,,,,,,,,,,,,,,,,,
74093001,74093001,CRAN-GEVRIER,45.910833,6.107833,426,20231019,21.2,1,13,1,2001,9,19.5,1,1221,9,15.8,1,16.3,1,6.5,1,,,,,0,9,,,,,,,,,,,,,,,,,,,,,,,,,,,,,,
74093001,74093001,CRAN-GEVRIER,45.910833,6.107833,426,20231029,0,1,7.6,1,523,9,19.5,1,1146,9,12.3,1,13.6,1,11.9,1,,,,,0,9,,,,,,,,,,,,,,,,,,,,,,,,,,,,,,
74093001,74093001,CRAN-GEVRIER,45.910833,6.107833,426,20231231,15.1,1,0.1,1,201,9,5.3,1,1210,9,2.6,1,2.7,1,5.2,1,,,,,0,9,,,,,,,,,,,,,,,,,,,,,,,,,,,,,,
74093001,74093001,CRAN-GEVRIER,45.910833,6.107833,426,20230623,0,1,15.2,1,411,9,27,1,1409,9,21,1,21.1,1,11.8,1,,,,,0,9,,,,,,,,,,,,,,,,,,,,,,,,,,,,,,
74093001,74093001,CRAN-GEVRIER,45.910833,6.107833,426,20230827,1.2,1,15.6,1,343,9,19.5,1,1059,9,16.5,1,17.6,1,3.9,1,,,,,0,9,,,,,,,,,,,,,,,,,,,,,,,,,,,,,,
74093001,74093001,CRAN-GEVRIER,45.910833,6.107833,426,20230709,0,1,16.7,1,425,9,35.4,1,1330,9,26.4,1,26.1,1,18.7,1,,,,,0,9,,,,,,,,,,,,,,,,,,,,,,,,,,,,,,
74093001,74093001,CRAN-GEVRIER,45.910833,6.107833,426,20230930,0.2,1,16.3,1,212,9,24,1,1312,9,18.4,1,20.2,1,7.7,1,,,,,0,9,,,,,,,,,,,,,,,,,,,,,,,,,,,,,,
74093001,74093001,CRAN-GEVRIER,45.910833,6.107833,426,20230628,0,1,12.6,1,406,9,29.1,1,1541,9,21.9,1,20.9,1,16.5,1,,,,,0,9,,,,,,,,,,,,,,,,,,,,,,,,,,,,,,
74093001,74093001,CRAN-GEVRIER,45.910833,6.107833,426,20230212,0,1,-5.1,1,635,9,12.5,1,1518,9,1.5,1,3.7,1,17.6,1,,,,,799,9,,,,,,,,,,,,,,,,,,,,,,,,,,,,,,
74093001,74093001,CRAN-GEVRIER,45.910833,6.107833,426,20230517,0,1,8.9,1,431,9,14.7,1,1401,9,11.8,1,11.8,1,5.8,1,,,,,0,9,,,,,,,,,,,,,,,,,,,,,,,,,,,,,,
74093001,74093001,CRAN-GEVRIER,45.910833,6.107833,426,20231125,0,1,0.6,1,533,9,6.5,1,1250,9,2.5,1,3.6,1,5.9,1,,,,,154,9,,,,,,,,,,,,,,,,,,,,,,,,,,,,,,
74093001,74093001,CRAN-GEVRIER,45.910833,6.107833,426,20230221,0,1,-0.8,1,551,9,17.3,1,1526,9,6.7,1,8.3,1,18.1,1,,,,,232,9,,,,,,,,,,,,,,,,,,,,,,,,,,,,,,
74093001,74093001,CRAN-GEVRIER,45.910833,6.107833,426,20231007,0.2,1,7.1,1,611,9,24.8,1,1411,9,14.5,1,16,1,17.7,1,,,,,0,9,,,,,,,,,,,,,,,,,,,,,,,,,,,,,,
74093001,74093001,CRAN-GEVRIER,45.910833,6.107833,426,20231012,0.2,1,8.4,1,520,9,26.2,1,1254,9,15.1,1,17.3,1,17.8,1,,,,,0,9,,,,,,,,,,,,,,,,,,,,,,,,,,,,,,
74093001,74093001,CRAN-GEVRIER,45.910833,6.107833,426,20230630,4.4,1,16.4,1,1324,9,18.6,1,1053,9,16.9,1,17.5,1,2.2,1,,,,,0,9,,,,,,,,,,,,,,,,,,,,,,,,,,,,,,
74093001,74093001,CRAN-GEVRIER,45.910833,6.107833,426,20230715,0.4,1,15.6,1,420,9,33,1,1504,9,25.1,1,24.3,1,17.4,1,,,,,0,9,,,,,,,,,,,,,,,,,,,,,,,,,,,,,,
74093001,74093001,CRAN-GEVRIER,45.910833,6.107833,426,20230602,0,1,12.4,1,407,9,27.8,1,1223,9,19.3,1,20.1,1,15.4,1,,,,,0,9,,,,,,,,,,,,,,,,,,,,,,,,,,,,,,
74093001,74093001,CRAN-GEVRIER,45.910833,6.107833,426,20230912,2.8,1,16,1,449,9,29.2,1,1333,9,22.4,1,22.6,1,13.2,1,,,,,0,9,,,,,,,,,,,,,,,,,,,,,,,,,,,,,,
74093001,74093001,CRAN-GEVRIER,45.910833,6.107833,426,20230611,0,1,14.5,1,421,9,27.5,1,1139,9,20.7,1,21,1,13,1,,,,,0,9,,,,,,,,,,,,,,,,,,,,,,,,,,,,,,
74093001,74093001,CRAN-GEVRIER,45.910833,6.107833,426,20231201,32.1,1,2.3,1,1757,9,6.5,1,601,9,4.4,1,4.4,1,4.2,1,,,,,0,9,,,,,,,,,,,,,,,,,,,,,,,,,,,,,,
74093001,74093001,CRAN-GEVRIER,45.910833,6.107833,426,20230918,41.1,1,16.1,1,546,9,19.7,1,1546,9,16.9,1,17.9,1,3.6,1,,,,,0,9,,,,,,,,,,,,,,,,,,,,,,,,,,,,,,
74093001,74093001,CRAN-GEVRIER,45.910833,6.107833,426,20230416,0,1,3.7,1,331,9,14.5,1,1526,9,8.6,1,9.1,1,10.8,1,,,,,0,9,,,,,,,,,,,,,,,,,,,,,,,,,,,,,,
74093001,74093001,CRAN-GEVRIER,45.910833,6.107833,426,20230202,0,1,-2.4,1,641,9,9.4,1,1200,9,2.4,1,3.5,1,11.8,1,,,,,513,9,,,,,,,,,,,,,,,,,,,,,,,,,,,,,,
74093001,74093001,CRAN-GEVRIER,45.910833,6.107833,426,20231023,13.7,1,8.1,1,2,9,15.5,1,1421,9,11.7,1,11.8,1,7.4,1,,,,,0,9,,,,,,,,,,,,,,,,,,,,,,,,,,,,,,
74093001,74093001,CRAN-GEVRIER,45.910833,6.107833,426,20230209,0,1,-5.6,1,642,9,8,1,1405,9,-0.7,1,1.2,1,13.6,1,,,,,925,9,,,,,,,,,,,,,,,,,,,,,,,,,,,,,,
74093001,74093001,CRAN-GEVRIER,45.910833,6.107833,426,20230617,0,1,11.8,1,404,9,30.3,1,1503,9,21.8,1,21.1,1,18.5,1,,,,,0,9,,,,,,,,,,,,,,,,,,,,,,,,,,,,,,
74093001,74093001,CRAN-GEVRIER,45.910833,6.107833,426,20230923,0.2,1,9.8,1,628,9,18.7,1,1359,9,12.6,1,14.3,1,8.9,1,,,,,0,9,,,,,,,,,,,,,,,,,,,,,,,,,,,,,,
74093001,74093001,CRAN-GEVRIER,45.910833,6.107833,426,20231027,3.8,1,10.1,1,543,9,17,1,1345,9,12.2,1,13.6,1,6.9,1,,,,,0,9,,,,,,,,,,,,,,,,,,,,,,,,,,,,,,
74093001,74093001,CRAN-GEVRIER,45.910833,6.107833,426,20230707,0,1,13.8,1,435,9,32.7,1,1446,9,24.1,1,23.3,1,18.9,1,,,,,0,9,,,,,,,,,,,,,,,,,,,,,,,,,,,,,,
74093001,74093001,CRAN-GEVRIER,45.910833,6.107833,426,20230528,0,1,11.8,1,407,9,27.5,1,1353,9,19.4,1,19.7,1,15.7,1,,,,,0,9,,,,,,,,,,,,,,,,,,,,,,,,,,,,,,
74093001,74093001,CRAN-GEVRIER,45.910833,6.107833,426,20230427,0,1,6.2,1,424,9,22.4,1,1517,9,14.8,1,14.3,1,16.2,1,,,,,0,9,,,,,,,,,,,,,,,,,,,,,,,,,,,,,,
74093001,74093001,CRAN-GEVRIER,45.910833,6.107833,426,20230112,2.2,1,1.4,1,642,9,8,1,1310,9,4.6,1,4.7,1,6.6,1,,,,,0,9,,,,,,,,,,,,,,,,,,,,,,,,,,,,,,
74093001,74093001,CRAN-GEVRIER,45.910833,6.107833,426,20230816,0,1,15.7,1,457,9,33.2,1,1408,9,24.4,1,24.5,1,17.5,1,,,,,0,9,,,,,,,,,,,,,,,,,,,,,,,,,,,,,,
74093001,74093001,CRAN-GEVRIER,45.910833,6.107833,426,20231011,0.2,1,8.2,1,548,9,26.9,1,1420,9,15.7,1,17.6,1,18.7,1,,,,,0,9,,,,,,,,,,,,,,,,,,,,,,,,,,,,,,
74093001,74093001,CRAN-GEVRIER,45.910833,6.107833,426,20230101,0,1,3.2,1,759,9,16.1,1,1252,9,8.1,1,9.7,1,12.9,1,,,,,0,9,,,,,,,,,,,,,,,,,,,,,,,,,,,,,,
74093001,74093001,CRAN-GEVRIER,45.910833,6.107833,426,20230218,0,1,0.2,1,441,9,17.1,1,1525,9,6.8,1,8.7,1,16.9,1,,,,,0,9,,,,,,,,,,,,,,,,,,,,,,,,,,,,,,
74093001,74093001,CRAN-GEVRIER,45.910833,6.107833,426,20230529,0,1,10.9,1,347,9,27.3,1,1510,9,19.9,1,19.1,1,16.4,1,,,,,0,9,,,,,,,,,,,,,,,,,,,,,,,,,,,,,,
74093001,74093001,CRAN-GEVRIER,45.910833,6.107833,426,20231210,9.1,1,2.9,1,741,9,12.6,1,1314,9,7.2,1,7.8,1,9.7,1,,,,,0,9,,,,,,,,,,,,,,,,,,,,,,,,,,,,,,
74093001,74093001,CRAN-GEVRIER,45.910833,6.107833,426,20230215,0,1,-3.4,1,615,9,16,1,1339,9,4,1,6.3,1,19.4,1,,,,,528,9,,,,,,,,,,,,,,,,,,,,,,,,,,,,,,
74093001,74093001,CRAN-GEVRIER,45.910833,6.107833,426,20230326,7.2,1,7.5,1,1320,9,12,1,1236,9,9.1,1,9.8,1,4.5,1,,,,,0,9,,,,,,,,,,,,,,,,,,,,,,,,,,,,,,
74093001,74093001,CRAN-GEVRIER,45.910833,6.107833,426,20231221,5.4,1,1.8,1,2047,9,8.5,1,2315,9,5.4,1,5.2,1,6.7,1,,,,,0,9,,,,,,,,,,,,,,,,,,,,,,,,,,,,,,
74093001,74093001,CRAN-GEVRIER,45.910833,6.107833,426,20231121,0.8,1,6,1,218,9,11,1,1126,9,7.7,1,8.5,1,5,1,,,,,0,9,,,,,,,,,,,,,,,,,,,,,,,,,,,,,,
74093001,74093001,CRAN-GEVRIER,45.910833,6.107833,426,20230117,13.9,1,0.4,1,733,9,6.6,1,1248,9,2.2,1,3.5,1,6.2,1,,,,,0,9,,,,,,,,,,,,,,,,,,,,,,,,,,,,,,
74093001,74093001,CRAN-GEVRIER,45.910833,6.107833,426,20230531,0,1,10.7,1,415,9,24.6,1,1642,9,17.7,1,17.7,1,13.9,1,,,,,0,9,,,,,,,,,,,,,,,,,,,,,,,,,,,,,,
74093001,74093001,CRAN-GEVRIER,45.910833,6.107833,426,20230524,0,1,14.7,1,345,9,21,1,1451,9,16.7,1,17.9,1,6.3,1,,,,,0,9,,,,,,,,,,,,,,,,,,,,,,,,,,,,,,
74093001,74093001,CRAN-GEVRIER,45.910833,6.107833,426,20231228,1.2,1,-2.2,1,140,9,10.1,1,1315,9,2.6,1,4,1,12.3,1,,,,,547,9,,,,,,,,,,,,,,,,,,,,,,,,,,,,,,
74093001,74093001,CRAN-GEVRIER,45.910833,6.107833,426,20230807,0,1,9.3,1,444,9,23,1,1348,9,16.5,1,16.2,1,13.7,1,,,,,0,9,,,,,,,,,,,,,,,,,,,,,,,,,,,,,,
74093001,74093001,CRAN-GEVRIER,45.910833,6.107833,426,20230806,2.8,1,13.9,1,908,9,18.2,1,1258,9,15.5,1,16.1,1,4.3,1,,,,,0,9,,,,,,,,,,,,,,,,,,,,,,,,,,,,,,
74093001,74093001,CRAN-GEVRIER,45.910833,6.107833,426,20231020,26.9,1,12.2,1,1035,9,19.4,1,1405,9,14.6,1,15.8,1,7.2,1,,,,,0,9,,,,,,,,,,,,,,,,,,,,,,,,,,,,,,
74093001,74093001,CRAN-GEVRIER,45.910833,6.107833,426,20231002,0.2,1,10.1,1,532,9,27.7,1,1405,9,17.7,1,18.9,1,17.6,1,,,,,0,9,,,,,,,,,,,,,,,,,,,,,,,,,,,,,,
74093001,74093001,CRAN-GEVRIER,45.910833,6.107833,426,20230213,0,1,-4.6,1,553,9,15.7,1,1442,9,2.8,1,5.6,1,20.3,1,,,,,722,9,,,,,,,,,,,,,,,,,,,,,,,,,,,,,,
74093001,74093001,CRAN-GEVRIER,45.910833,6.107833,426,20230731,0,1,11.7,1,354,9,29.1,1,1537,9,20.7,1,20.4,1,17.4,1,,,,,0,9,,,,,,,,,,,,,,,,,,,,,,,,,,,,,,
74093001,74093001,CRAN-GEVRIER,45.910833,6.107833,426,20231003,9.5,1,10.7,1,538,9,26.4,1,1412,9,17.2,1,18.6,1,15.7,1,,,,,0,9,,,,,,,,,,,,,,,,,,,,,,,,,,,,,,
74093001,74093001,CRAN-GEVRIER,45.910833,6.107833,426,20230730,0,1,17.3,1,421,9,27.3,1,1437,9,20.9,1,22.3,1,10,1,,,,,0,9,,,,,,,,,,,,,,,,,,,,,,,,,,,,,,
74093001,74093001,CRAN-GEVRIER,45.910833,6.107833,426,20230925,0.2,1,6.4,1,539,9,23.3,1,1433,9,13.7,1,14.9,1,16.9,1,,,,,0,9,,,,,,,,,,,,,,,,,,,,,,,,,,,,,,
74093001,74093001,CRAN-GEVRIER,45.910833,6.107833,426,20230406,0.6,1,-1.6,1,512,9,15.2,1,1408,9,7.9,1,6.8,1,16.8,1,,,,,301,9,,,,,,,,,,,,,,,,,,,,,,,,,,,,,,
74093001,74093001,CRAN-GEVRIER,45.910833,6.107833,426,20230706,0,1,13.3,1,355,9,28.9,1,1547,9,21.4,1,21.1,1,15.6,1,,,,,0,9,,,,,,,,,,,,,,,,,,,,,,,,,,,,,,
74093001,74093001,CRAN-GEVRIER,45.910833,6.107833,426,20230901,0,1,11.8,1,520,9,28.4,1,1619,9,20,1,20.1,1,16.6,1,,,,,0,9,,,,,,,,,,,,,,,,,,,,,,,,,,,,,,
74093001,74093001,CRAN-GEVRIER,45.910833,6.107833,426,20230718,0.4,1,17.3,1,342,9,34.4,1,1402,9,26.3,1,25.9,1,17.1,1,,,,,0,9,,,,,,,,,,,,,,,,,,,,,,,,,,,,,,
74093001,74093001,CRAN-GEVRIER,45.910833,6.107833,426,20231107,1.2,1,6.6,1,116,9,10.1,1,1341,9,7,1,8.4,1,3.5,1,,,,,0,9,,,,,,,,,,,,,,,,,,,,,,,,,,,,,,
74093001,74093001,CRAN-GEVRIER,45.910833,6.107833,426,20231001,0.2,1,10,1,533,9,25.3,1,1510,9,16.4,1,17.7,1,15.3,1,,,,,0,9,,,,,,,,,,,,,,,,,,,,,,,,,,,,,,
74093001,74093001,CRAN-GEVRIER,45.910833,6.107833,426,20230228,0,1,-0.5,1,510,9,5.9,1,1311,9,2.2,1,2.7,1,6.4,1,,,,,184,9,,,,,,,,,,,,,,,,,,,,,,,,,,,,,,
74093001,74093001,CRAN-GEVRIER,45.910833,6.107833,426,20231026,33.9,1,11.9,1,48,9,14.3,1,1315,9,12.5,1,13.1,1,2.4,1,,,,,0,9,,,,,,,,,,,,,,,,,,,,,,,,,,,,,,
74093001,74093001,CRAN-GEVRIER,45.910833,6.107833,426,20231207,6.3,1,-3.1,1,609,9,6.3,1,1258,9,1,1,1.6,1,9.4,1,,,,,563,9,,,,,,,,,,,,,,,,,,,,,,,,,,,,,,
74093001,74093001,CRAN-GEVRIER,45.910833,6.107833,426,20230814,0,1,16.8,1,500,9,34.7,1,1343,9,25.2,1,25.8,1,17.9,1,,,,,0,9,,,,,,,,,,,,,,,,,,,,,,,,,,,,,,
74093001,74093001,CRAN-GEVRIER,45.910833,6.107833,426,20230519,0.4,1,8.2,1,401,9,18.4,1,1228,9,13.4,1,13.3,1,10.2,1,,,,,0,9,,,,,,,,,,,,,,,,,,,,,,,,,,,,,,
74093001,74093001,CRAN-GEVRIER,45.910833,6.107833,426,20231129,11.1,1,-2,1,732,9,7.5,1,1342,9,1.5,1,2.8,1,9.5,1,,,,,449,9,,,,,,,,,,,,,,,,,,,,,,,,,,,,,,
74093001,74093001,CRAN-GEVRIER,45.910833,6.107833,426,20230723,3.4,1,13.3,1,407,9,34.3,1,1507,9,24.8,1,23.8,1,21,1,,,,,0,9,,,,,,,,,,,,,,,,,,,,,,,,,,,,,,
74093001,74093001,CRAN-GEVRIER,45.910833,6.107833,426,20230929,0,1,10.5,1,443,9,27.4,1,1418,9,19,1,19,1,16.9,1,,,,,0,9,,,,,,,,,,,,,,,,,,,,,,,,,,,,,,
74093001,74093001,CRAN-GEVRIER,45.910833,6.107833,426,20230924,0,1,5.4,1,558,9,20.7,1,1442,9,12.5,1,13.1,1,15.3,1,,,,,0,9,,,,,,,,,,,,,,,,,,,,,,,,,,,,,,
74093001,74093001,CRAN-GEVRIER,45.910833,6.107833,426,20231120,0.8,1,6.9,1,552,9,12.5,1,1201,9,8.6,1,9.7,1,5.6,1,,,,,0,9,,,,,,,,,,,,,,,,,,,,,,,,,,,,,,
74093001,74093001,CRAN-GEVRIER,45.910833,6.107833,426,20230915,0,1,15.3,1,423,9,27.6,1,1504,9,20.4,1,21.5,1,12.3,1,,,,,0,9,,,,,,,,,,,,,,,,,,,,,,,,,,,,,,
74093001,74093001,CRAN-GEVRIER,45.910833,6.107833,426,20230126,0,1,0.2,1,207,9,1.1,1,1418,9,0.5,1,0.7,1,0.9,1,,,,,0,9,,,,,,,,,,,,,,,,,,,,,,,,,,,,,,
74093001,74093001,CRAN-GEVRIER,45.910833,6.107833,426,20231226,0,1,-3.1,1,631,9,9.6,1,1328,9,0.8,1,3.3,1,12.7,1,,,,,869,9,,,,,,,,,,,,,,,,,,,,,,,,,,,,,,
74093001,74093001,CRAN-GEVRIER,45.910833,6.107833,426,20230506,1.4,1,10.9,1,442,9,26.6,1,1516,9,18.6,1,18.8,1,15.7,1,,,,,0,9,,,,,,,,,,,,,,,,,,,,,,,,,,,,,,
74093001,74093001,CRAN-GEVRIER,45.910833,6.107833,426,20230518,0,1,8.6,1,408,9,17.4,1,1311,9,12.7,1,13,1,8.8,1,,,,,0,9,,,,,,,,,,,,,,,,,,,,,,,,,,,,,,
74093001,74093001,CRAN-GEVRIER,45.910833,6.107833,426,20231109,14.8,1,0.6,1,307,9,8.4,1,2311,9,5.4,1,4.5,1,7.8,1,,,,,0,9,,,,,,,,,,,,,,,,,,,,,,,,,,,,,,
74093001,74093001,CRAN-GEVRIER,45.910833,6.107833,426,20230309,13.5,1,5.7,1,621,9,17.1,1,1314,9,11.1,1,11.4,1,11.4,1,,,,,0,9,,,,,,,,,,,,,,,,,,,,,,,,,,,,,,
74093001,74093001,CRAN-GEVRIER,45.910833,6.107833,426,20231017,0,1,4.3,1,518,9,18.6,1,1339,9,10.9,1,11.5,1,14.3,1,,,,,0,9,,,,,,,,,,,,,,,,,,,,,,,,,,,,,,
74093001,74093001,CRAN-GEVRIER,45.910833,6.107833,426,20231028,0,1,8,1,657,9,18.9,1,1433,9,11.8,1,13.5,1,10.9,1,,,,,0,9,,,,,,,,,,,,,,,,,,,,,,,,,,,,,,
74093001,74093001,CRAN-GEVRIER,45.910833,6.107833,426,20230523,0,1,12.8,1,205,9,25.3,1,1238,9,19.3,1,19.1,1,12.5,1,,,,,0,9,,,,,,,,,,,,,,,,,,,,,,,,,,,,,,
74093001,74093001,CRAN-GEVRIER,45.910833,6.107833,426,20231127,17.1,1,-0.9,1,2048,9,6,1,1426,9,2.5,1,2.6,1,6.9,1,,,,,482,9,,,,,,,,,,,,,,,,,,,,,,,,,,,,,,
74093001,74093001,CRAN-GEVRIER,45.910833,6.107833,426,20230614,0,1,16.5,1,423,9,28.3,1,1623,9,21.6,1,22.4,1,11.8,1,,,,,0,9,,,,,,,,,,,,,,,,,,,,,,,,,,,,,,
74093001,74093001,CRAN-GEVRIER,45.910833,6.107833,426,20231124,2.6,1,-0.1,1,2215,9,10.2,1,1339,9,4.2,1,5.1,1,10.3,1,,,,,0,9,,,,,,,,,,,,,,,,,,,,,,,,,,,,,,
74093001,74093001,CRAN-GEVRIER,45.910833,6.107833,426,20230831,0,1,12.1,1,2259,9,24,1,1542,9,18.3,1,18.1,1,11.9,1,,,,,0,9,,,,,,,,,,,,,,,,,,,,,,,,,,,,,,
74093001,74093001,CRAN-GEVRIER,45.910833,6.107833,426,20230825,1,1,19.7,1,441,9,33.7,1,1458,9,25.7,1,26.7,1,14,1,,,,,0,9,,,,,,,,,,,,,,,,,,,,,,,,,,,,,,
74093001,74093001,CRAN-GEVRIER,45.910833,6.107833,426,20231217,0,1,-1.4,1,2159,9,5.9,1,1232,9,1.6,1,2.3,1,7.3,1,,,,,327,9,,,,,,,,,,,,,,,,,,,,,,,,,,,,,,
74093001,74093001,CRAN-GEVRIER,45.910833,6.107833,426,20230514,0,1,9.5,1,118,9,18.9,1,1306,9,13.2,1,14.2,1,9.4,1,,,,,0,9,,,,,,,,,,,,,,,,,,,,,,,,,,,,,,
74093001,74093001,CRAN-GEVRIER,45.910833,6.107833,426,20230820,0,1,17.2,1,432,9,38.1,1,1418,9,27.9,1,27.7,1,20.9,1,,,,,0,9,,,,,,,,,,,,,,,,,,,,,,,,,,,,,,
74093001,74093001,CRAN-GEVRIER,45.910833,6.107833,426,20230605,0,1,10.2,1,409,9,27,1,1633,9,18.5,1,18.6,1,16.8,1,,,,,0,9,,,,,,,,,,,,,,,,,,,,,,,,,,,,,,
74093001,74093001,CRAN-GEVRIER,45.910833,6.107833,426,20230711,4.7,1,18.1,1,351,9,36.9,1,1355,9,27.9,1,27.5,1,18.8,1,,,,,0,9,,,,,,,,,,,,,,,,,,,,,,,,,,,,,,
74093001,74093001,CRAN-GEVRIER,45.910833,6.107833,426,20231021,0.6,1,11.7,1,600,9,17.7,1,1456,9,13,1,14.7,1,6,1,,,,,0,9,,,,,,,,,,,,,,,,,,,,,,,,,,,,,,
74093001,74093001,CRAN-GEVRIER,45.910833,6.107833,426,20230201,0,1,-2.8,1,333,9,9.5,1,1332,9,2.5,1,3.4,1,12.3,1,,,,,523,9,,,,,,,,,,,,,,,,,,,,,,,,,,,,,,
74093001,74093001,CRAN-GEVRIER,45.910833,6.107833,426,20230902,0,1,12.8,1,514,9,30,1,1605,9,20.9,1,21.4,1,17.2,1,,,,,0,9,,,,,,,,,,,,,,,,,,,,,,,,,,,,,,
74093001,74093001,CRAN-GEVRIER,45.910833,6.107833,426,20230424,1.2,1,9.1,1,332,9,16.5,1,1507,9,11.7,1,12.8,1,7.4,1,,,,,0,9,,,,,,,,,,,,,,,,,,,,,,,,,,,,,,
74093001,74093001,CRAN-GEVRIER,45.910833,6.107833,426,20230405,0,1,-0.8,1,506,9,13.5,1,1543,9,5.9,1,6.4,1,14.3,1,,,,,220,9,,,,,,,,,,,,,,,,,,,,,,,,,,,,,,
74093001,74093001,CRAN-GEVRIER,45.910833,6.107833,426,20230127,0,1,-0.2,1,437,9,0.8,1,1338,9,0.4,1,0.3,1,1,1,,,,,341,9,,,,,,,,,,,,,,,,,,,,,,,,,,,,,,
74093001,74093001,CRAN-GEVRIER,45.910833,6.107833,426,20230509,18.1,1,11.1,1,325,9,20.1,1,1045,9,14.5,1,15.6,1,9,1,,,,,0,9,,,,,,,,,,,,,,,,,,,,,,,,,,,,,,
74093001,74093001,CRAN-GEVRIER,45.910833,6.107833,426,20231115,0.4,1,6.5,1,1759,9,13.6,1,1411,9,8.6,1,10.1,1,7.1,1,,,,,0,9,,,,,,,,,,,,,,,,,,,,,,,,,,,,,,
74093001,74093001,CRAN-GEVRIER,45.910833,6.107833,426,20230330,0.2,1,10.2,1,302,9,18,1,1512,9,13.1,1,14.1,1,7.8,1,,,,,0,9,,,,,,,,,,,,,,,,,,,,,,,,,,,,,,
74093001,74093001,CRAN-GEVRIER,45.910833,6.107833,426,20231110,16,1,5.5,1,1946,9,10.5,1,1435,9,7.4,1,8,1,5,1,,,,,0,9,,,,,,,,,,,,,,,,,,,,,,,,,,,,,,
74093001,74093001,CRAN-GEVRIER,45.910833,6.107833,426,20230828,6.7,1,13.1,1,717,9,15,1,1339,9,14.1,1,14.1,1,1.9,1,,,,,0,9,,,,,,,,,,,,,,,,,,,,,,,,,,,,,,
74093001,74093001,CRAN-GEVRIER,45.910833,6.107833,426,20231123,0,1,3,1,1759,9,9.9,1,1337,9,4.7,1,6.5,1,6.9,1,,,,,21,9,,,,,,,,,,,,,,,,,,,,,,,,,,,,,,
74093001,74093001,CRAN-GEVRIER,45.910833,6.107833,426,20231015,0,1,10.3,1,601,9,16.2,1,1204,9,11.9,1,13.3,1,5.9,1,,,,,0,9,,,,,,,,,,,,,,,,,,,,,,,,,,,,,,
74093001,74093001,CRAN-GEVRIER,45.910833,6.107833,426,20230616,0,1,11.9,1,337,9,28.7,1,1419,9,21,1,20.3,1,16.8,1,,,,,0,9,,,,,,,,,,,,,,,,,,,,,,,,,,,,,,
74093001,74093001,CRAN-GEVRIER,45.910833,6.107833,426,20230830,0,1,8.6,1,510,9,22.2,1,1432,9,15,1,15.4,1,13.6,1,,,,,0,9,,,,,,,,,,,,,,,,,,,,,,,,,,,,,,
74093001,74093001,CRAN-GEVRIER,45.910833,6.107833,426,20230906,0,1,15.9,1,503,9,31,1,1553,9,22.9,1,23.5,1,15.1,1,,,,,0,9,,,,,,,,,,,,,,,,,,,,,,,,,,,,,,
74093001,74093001,CRAN-GEVRIER,45.910833,6.107833,426,20230420,11.7,1,5.5,1,308,9,11.7,1,1533,9,8.1,1,8.6,1,6.2,1,,,,,0,9,,,,,,,,,,,,,,,,,,,,,,,,,,,,,,
74093001,74093001,CRAN-GEVRIER,45.910833,6.107833,426,20231222,7.6,1,6.2,1,1822,9,8.1,1,1135,9,7.2,1,7.2,1,1.9,1,,,,,0,9,,,,,,,,,,,,,,,,,,,,,,,,,,,,,,
74093001,74093001,CRAN-GEVRIER,45.910833,6.107833,426,20230214,0,1,-3.9,1,547,9,16.4,1,1522,9,3.6,1,6.3,1,20.3,1,,,,,663,9,,,,,,,,,,,,,,,,,,,,,,,,,,,,,,
74093001,74093001,CRAN-GEVRIER,45.910833,6.107833,426,20230421,2,1,6.2,1,2049,9,15.1,1,1441,9,9.9,1,10.7,1,8.9,1,,,,,0,9,,,,,,,,,,,,,,,,,,,,,,,,,,,,,,
74093001,74093001,CRAN-GEVRIER,45.910833,6.107833,426,20231106,1.8,1,6.8,1,319,9,12.8,1,1448,9,9.2,1,9.8,1,6,1,,,,,0,9,,,,,,,,,,,,,,,,,,,,,,,,,,,,,,
74093001,74093001,CRAN-GEVRIER,45.910833,6.107833,426,20231030,35.1,1,6.7,1,608,9,12,1,1137,9,9.6,1,9.4,1,5.3,1,,,,,0,9,,,,,,,,,,,,,,,,,,,,,,,,,,,,,,
74093001,74093001,CRAN-GEVRIER,45.910833,6.107833,426,20230801,0.2,1,17.9,1,417,9,25.1,1,1636,9,21,1,21.5,1,7.2,1,,,,,0,9,,,,,,,,,,,,,,,,,,,,,,,,,,,,,,
74093001,74093001,CRAN-GEVRIER,45.910833,6.107833,426,20230926,0.2,1,7.6,1,607,9,25.5,1,1452,9,14.9,1,16.6,1,17.9,1,,,,,0,9,,,,,,,,,,,,,,,,,,,,,,,,,,,,,,
74093001,74093001,CRAN-GEVRIER,45.910833,6.107833,426,20230222,4.6,1,0,1,550,9,10.5,1,1125,9,5.9,1,5.3,1,10.5,1,,,,,4,9,,,,,,,,,,,,,,,,,,,,,,,,,,,,,,
74093001,74093001,CRAN-GEVRIER,45.910833,6.107833,426,20230607,0,1,13.2,1,155,9,28.5,1,1348,9,21,1,20.9,1,15.3,1,,,,,0,9,,,,,,,,,,,,,,,,,,,,,,,,,,,,,,
74093001,74093001,CRAN-GEVRIER,45.910833,6.107833,426,20231111,5.4,1,4.5,1,1800,9,10.9,1,1316,9,5.9,1,7.7,1,6.4,1,,,,,0,9,,,,,,,,,,,,,,,,,,,,,,,,,,,,,,
74093001,74093001,CRAN-GEVRIER,45.910833,6.107833,426,20230227,0,1,-0.4,1,636,9,6.3,1,1334,9,2,1,3,1,6.7,1,,,,,184,9,,,,,,,,,,,,,,,,,,,,,,,,,,,,,,
74093001,74093001,CRAN-GEVRIER,45.910833,6.107833,426,20231216,0,1,-1.6,1,233,9,6.8,1,1303,9,1,1,2.6,1,8.4,1,,,,,847,9,,,,,,,,,,,,,,,,,,,,,,,,,,,,,,
74093001,74093001,CRAN-GEVRIER,45.910833,6.107833,426,20231005,0.2,1,8.4,1,552,9,23.3,1,1447,9,14.7,1,15.9,1,14.9,1,,,,,0,9,,,,,,,,,,,,,,,,,,,,,,,,,,,,,,
74093001,74093001,CRAN-GEVRIER,45.910833,6.107833,426,20230304,0,1,1.6,1,1906,9,11.1,1,1432,9,4.8,1,6.4,1,9.5,1,,,,,56,9,,,,,,,,,,,,,,,,,,,,,,,,,,,,,,
74093001,74093001,CRAN-GEVRIER,45.910833,6.107833,426,20231101,8.9,1,3.1,1,442,9,13.1,1,1126,9,7.4,1,8.1,1,10,1,,,,,0,9,,,,,,,,,,,,,,,,,,,,,,,,,,,,,,
74093001,74093001,CRAN-GEVRIER,45.910833,6.107833,426,20230928,0.2,1,10,1,550,9,26.8,1,1451,9,17.1,1,18.4,1,16.8,1,,,,,0,9,,,,,,,,,,,,,,,,,,,,,,,,,,,,,,
74093001,74093001,CRAN-GEVRIER,45.910833,6.107833,426,20230314,11.9,1,5.8,1,1520,9,9,1,1147,9,6.9,1,7.4,1,3.2,1,,,,,0,9,,,,,,,,,,,,,,,,,,,,,,,,,,,,,,
74093001,74093001,CRAN-GEVRIER,45.910833,6.107833,426,20231113,7.8,1,9,1,1921,9,13.3,1,118,9,11.1,1,11.2,1,4.3,1,,,,,0,9,,,,,,,,,,,,,,,,,,,,,,,,,,,,,,
74093001,74093001,CRAN-GEVRIER,45.910833,6.107833,426,20231229,2.6,1,3.5,1,2347,9,11.4,1,1206,9,6.8,1,7.5,1,7.9,1,,,,,0,9,,,,,,,,,,,,,,,,,,,,,,,,,,,,,,
74093001,74093001,CRAN-GEVRIER,45.910833,6.107833,426,20231206,0,1,-0.1,1,352,9,8.1,1,1233,9,2.2,1,4,1,8.2,1,,,,,275,9,,,,,,,,,,,,,,,,,,,,,,,,,,,,,,
74093001,74093001,CRAN-GEVRIER,45.910833,6.107833,426,20231024,20.2,1,10.8,1,1753,9,14.3,1,1439,9,11.6,1,12.6,1,3.5,1,,,,,0,9,,,,,,,,,,,,,,,,,,,,,,,,,,,,,,
74093001,74093001,CRAN-GEVRIER,45.910833,6.107833,426,20230624,0,1,12.4,1,406,9,29,1,1541,9,21.8,1,20.7,1,16.6,1,,,,,0,9,,,,,,,,,,,,,,,,,,,,,,,,,,,,,,
74093001,74093001,CRAN-GEVRIER,45.910833,6.107833,426,20231117,0,1,5.2,1,1732,9,11.1,1,1343,9,6.9,1,8.2,1,5.9,1,,,,,0,9,,,,,,,,,,,,,,,,,,,,,,,,,,,,,,
74093001,74093001,CRAN-GEVRIER,45.910833,6.107833,426,20230402,3.2,1,3.6,1,2322,9,9.4,1,1055,9,6.8,1,6.5,1,5.8,1,,,,,0,9,,,,,,,,,,,,,,,,,,,,,,,,,,,,,,
74093001,74093001,CRAN-GEVRIER,45.910833,6.107833,426,20230205,0.2,1,-1.9,1,718,9,10.3,1,1234,9,4,1,4.2,1,12.2,1,,,,,286,9,,,,,,,,,,,,,,,,,,,,,,,,,,,,,,
74093001,74093001,CRAN-GEVRIER,45.910833,6.107833,426,20231126,0.2,1,-3.6,1,715,9,7.9,1,1217,9,0.8,1,2.2,1,11.5,1,,,,,886,9,,,,,,,,,,,,,,,,,,,,,,,,,,,,,,
74093001,74093001,CRAN-GEVRIER,45.910833,6.107833,426,20230803,0.4,1,17.2,1,458,9,26.7,1,1500,9,21.8,1,22,1,9.5,1,,,,,0,9,,,,,,,,,,,,,,,,,,,,,,,,,,,,,,
74093001,74093001,CRAN-GEVRIER,45.910833,6.107833,426,20231103,6.2,1,4.8,1,255,9,9.4,1,1247,9,6.6,1,7.1,1,4.6,1,,,,,0,9,,,,,,,,,,,,,,,,,,,,,,,,,,,,,,
74093001,74093001,CRAN-GEVRIER,45.910833,6.107833,426,20230721,0,1,16.4,1,325,9,28.6,1,1306,9,21.8,1,22.5,1,12.2,1,,,,,0,9,,,,,,,,,,,,,,,,,,,,,,,,,,,,,,
74093001,74093001,CRAN-GEVRIER,45.910833,6.107833,426,20230622,22.5,1,15.3,1,1534,9,26.8,1,1328,9,18.9,1,21.1,1,11.5,1,,,,,0,9,,,,,,,,,,,,,,,,,,,,,,,,,,,,,,
74093001,74093001,CRAN-GEVRIER,45.910833,6.107833,426,20231116,1.6,1,3,1,2319,9,14.2,1,1727,9,8.8,1,8.6,1,11.2,1,,,,,0,9,,,,,,,,,,,,,,,,,,,,,,,,,,,,,,
74093001,74093001,CRAN-GEVRIER,45.910833,6.107833,426,20230210,0,1,-6.1,1,651,9,8,1,1456,9,-0.5,1,1,1,14.1,1,,,,,900,9,,,,,,,,,,,,,,,,,,,,,,,,,,,,,,
74093001,74093001,CRAN-GEVRIER,45.910833,6.107833,426,20231004,0.2,1,12.1,1,630,9,21.8,1,1244,9,15.4,1,17,1,9.7,1,,,,,0,9,,,,,,,,,,,,,,,,,,,,,,,,,,,,,,
74093001,74093001,CRAN-GEVRIER,45.910833,6.107833,426,20230325,0.6,1,6.2,1,108,9,14.7,1,1337,9,9.8,1,10.5,1,8.5,1,,,,,0,9,,,,,,,,,,,,,,,,,,,,,,,,,,,,,,
74093001,74093001,CRAN-GEVRIER,45.910833,6.107833,426,20230720,0.6,1,13.9,1,351,9,30.4,1,1404,9,22.7,1,22.2,1,16.5,1,,,,,0,9,,,,,,,,,,,,,,,,,,,,,,,,,,,,,,
74093001,74093001,CRAN-GEVRIER,45.910833,6.107833,426,20230620,0,1,16.2,1,404,9,30.9,1,1329,9,23.3,1,23.6,1,14.7,1,,,,,0,9,,,,,,,,,,,,,,,,,,,,,,,,,,,,,,
74093001,74093001,CRAN-GEVRIER,45.910833,6.107833,426,20230411,2.8,1,9.4,1,749,9,14.4,1,1455,9,11.6,1,11.9,1,5,1,,,,,0,9,,,,,,,,,,,,,,,,,,,,,,,,,,,,,,1
74093001,74093001,CRAN-GEVRIER,45.910833,6.107833,426,20230206,0,1,-1.2,1,656,9,5.5,1,1223,9,3,1,2.2,1,6.7,1,,,,,176,9,,,,,,,,,,,,,,,,,,,,,,,,,,,,,,
74093001,74093001,CRAN-GEVRIER,45.910833,6.107833,426,20230504,0,1,7.1,1,429,9,24.8,1,1511,9,16.6,1,16,1,17.7,1,,,,,0,9,,,,,,,,,,,,,,,,,,,,,,,,,,,,,,
74093001,74093001,CRAN-GEVRIER,45.910833,6.107833,426,20230527,0,1,11.6,1,419,9,28.2,1,1451,9,19.5,1,19.9,1,16.6,1,,,,,0,9,,,,,,,,,,,,,,,,,,,,,,,,,,,,,,
74093001,74093001,CRAN-GEVRIER,45.910833,6.107833,426,20230111,7.3,1,1.4,1,611,9,6,1,1456,9,4.2,1,3.7,1,4.6,1,,,,,0,9,,,,,,,,,,,,,,,,,,,,,,,,,,,,,,
74093001,74093001,CRAN-GEVRIER,45.910833,6.107833,426,20231013,1,1,7.5,1,523,9,24.4,1,1331,9,15.8,1,16,1,16.9,1,,,,,0,9,,,,,,,,,,,,,,,,,,,,,,,,,,,,,,
74093001,74093001,CRAN-GEVRIER,45.910833,6.107833,426,20230520,0,1,8.8,1,451,9,20.1,1,1346,9,14.3,1,14.5,1,11.3,1,,,,,0,9,,,,,,,,,,,,,,,,,,,,,,,,,,,,,,
74093001,74093001,CRAN-GEVRIER,45.910833,6.107833,426,20231208,4,1,1.7,1,2355,9,6.1,1,1449,9,4.7,1,3.9,1,4.4,1,,,,,0,9,,,,,,,,,,,,,,,,,,,,,,,,,,,,,,
74093001,74093001,CRAN-GEVRIER,45.910833,6.107833,426,20231018,19.3,1,10.3,1,2354,9,19.2,1,1303,9,13.7,1,14.8,1,8.9,1,,,,,0,9,,,,,,,,,,,,,,,,,,,,,,,,,,,,,,
74093001,74093001,CRAN-GEVRIER,45.910833,6.107833,426,20230704,0.4,1,14.1,1,426,9,27.5,1,1439,9,21.5,1,20.8,1,13.4,1,,,,,0,9,,,,,,,,,,,,,,,,,,,,,,,,,,,,,,
74093001,74093001,CRAN-GEVRIER,45.910833,6.107833,426,20231220,0.4,1,2,1,2350,9,7.7,1,1309,9,3.9,1,4.9,1,5.7,1,,,,,0,9,,,,,,,,,,,,,,,,,,,,,,,,,,,,,,
74093001,74093001,CRAN-GEVRIER,45.910833,6.107833,426,20230728,0,1,16.7,1,332,9,29.6,1,1336,9,23.1,1,23.2,1,12.9,1,,,,,0,9,,,,,,,,,,,,,,,,,,,,,,,,,,,,,,
74093001,74093001,CRAN-GEVRIER,45.910833,6.107833,426,20230216,0,1,-2.9,1,558,9,16.6,1,1501,9,4.6,1,6.9,1,19.5,1,,,,,543,9,,,,,,,,,,,,,,,,,,,,,,,,,,,,,,
74093001,74093001,CRAN-GEVRIER,45.910833,6.107833,426,20230608,0,1,14.9,1,225,9,27.7,1,1441,9,21.2,1,21.3,1,12.8,1,,,,,0,9,,,,,,,,,,,,,,,,,,,,,,,,,,,,,,
74093001,74093001,CRAN-GEVRIER,45.910833,6.107833,426,20230503,0,1,5.3,1,507,9,22.9,1,1547,9,14.6,1,14.1,1,17.6,1,,,,,0,9,,,,,,,,,,,,,,,,,,,,,,,,,,,,,,
74093001,74093001,CRAN-GEVRIER,45.910833,6.107833,426,20231213,13.9,1,6.9,1,1728,9,11.2,1,1041,9,7.9,1,9.1,1,4.3,1,,,,,0,9,,,,,,,,,,,,,,,,,,,,,,,,,,,,,,
74093001,74093001,CRAN-GEVRIER,45.910833,6.107833,426,20230609,4,1,14,1,402,9,22.3,1,855,9,18.9,1,18.2,1,8.3,1,,,,,0,9,,,,,,,,,,,,,,,,,,,,,,,,,,,,,,
74093001,74093001,CRAN-GEVRIER,45.910833,6.107833,426,20230510,7,1,10.3,1,1016,9,16.1,1,1634,9,11.8,1,13.2,1,5.8,1,,,,,0,9,,,,,,,,,,,,,,,,,,,,,,,,,,,,,,
74093001,74093001,CRAN-GEVRIER,45.910833,6.107833,426,20230413,2.4,1,2.8,1,533,9,11.1,1,1600,9,5.8,1,7,1,8.3,1,,,,,0,9,,,,,,,,,,,,,,,,,,,,,,,,,,,,,,
74093001,74093001,CRAN-GEVRIER,45.910833,6.107833,426,20230808,0,1,10.2,1,416,9,26.5,1,1439,9,18.6,1,18.4,1,16.3,1,,,,,0,9,,,,,,,,,,,,,,,,,,,,,,,,,,,,,,
74093001,74093001,CRAN-GEVRIER,45.910833,6.107833,426,20230128,0,1,0.2,1,645,9,2.8,1,1353,9,1,1,1.5,1,2.6,1,,,,,15,9,,,,,,,,,,,,,,,,,,,,,,,,,,,,,,
74093001,74093001,CRAN-GEVRIER,45.910833,6.107833,426,20230703,0,1,16.8,1,102,9,25.5,1,1521,9,20.5,1,21.2,1,8.7,1,,,,,0,9,,,,,,,,,,,,,,,,,,,,,,,,,,,,,,
74093001,74093001,CRAN-GEVRIER,45.910833,6.107833,426,20230303,0,1,-3.2,1,514,9,6.7,1,1438,9,1.7,1,1.8,1,9.9,1,,,,,516,9,,,,,,,,,,,,,,,,,,,,,,,,,,,,,,
74093001,74093001,CRAN-GEVRIER,45.910833,6.107833,426,20230507,2.8,1,13.8,1,430,9,19.7,1,1028,9,15.3,1,16.8,1,5.9,1,,,,,0,9,,,,,,,,,,,,,,,,,,,,,,,,,,,,,,
74093001,74093001,CRAN-GEVRIER,45.910833,6.107833,426,20230310,14.9,1,6.7,1,2008,9,11.5,1,1323,9,8.4,1,9.1,1,4.8,1,,,,,0,9,,,,,,,,,,,,,,,,,,,,,,,,,,,,,,
74093001,74093001,CRAN-GEVRIER,45.910833,6.107833,426,20230403,0.2,1,5.3,1,228,9,11.9,1,1314,9,7.3,1,8.6,1,6.6,1,,,,,0,9,,,,,,,,,,,,,,,,,,,,,,,,,,,,,,
74093001,74093001,CRAN-GEVRIER,45.910833,6.107833,426,20230804,1,1,15.6,1,448,9,20.6,1,1148,9,16.9,1,18.1,1,5,1,,,,,0,9,,,,,,,,,,,,,,,,,,,,,,,,,,,,,,
74093001,74093001,CRAN-GEVRIER,45.910833,6.107833,426,20230305,0,1,-3.3,1,605,9,12,1,1448,9,3,1,4.4,1,15.3,1,,,,,641,9,,,,,,,,,,,,,,,,,,,,,,,,,,,,,,
74093001,74093001,CRAN-GEVRIER,45.910833,6.107833,426,20231119,1,1,6.2,1,43,9,13.5,1,1345,9,9.3,1,9.9,1,7.3,1,,,,,0,9,,,,,,,,,,,,,,,,,,,,,,,,,,,,,,
74093001,74093001,CRAN-GEVRIER,45.910833,6.107833,426,20230722,0,1,14.5,1,446,9,29,1,1501,9,21.8,1,21.8,1,14.5,1,,,,,0,9,,,,,,,,,,,,,,,,,,,,,,,,,,,,,,
74093001,74093001,CRAN-GEVRIER,45.910833,6.107833,426,20230725,11.2,1,14.2,1,1759,9,21.2,1,901,9,17,1,17.7,1,7,1,,,,,0,9,,,,,,,,,,,,,,,,,,,,,,,,,,,,,,
74093001,74093001,CRAN-GEVRIER,45.910833,6.107833,426,20230131,0,1,-4.3,1,429,9,7.7,1,1403,9,0.9,1,1.7,1,12,1,,,,,677,9,,,,,,,,,,,,,,,,,,,,,,,,,,,,,,
74093001,74093001,CRAN-GEVRIER,45.910833,6.107833,426,20230113,2.4,1,2.9,1,51,9,10.1,1,1401,9,5.9,1,6.5,1,7.2,1,,,,,0,9,,,,,,,,,,,,,,,,,,,,,,,,,,,,,,
74093001,74093001,CRAN-GEVRIER,45.910833,6.107833,426,20230226,0,1,0.8,1,730,9,3.4,1,1251,9,1.7,1,2.1,1,2.6,1,,,,,0,9,,,,,,,,,,,,,,,,,,,,,,,,,,,,,,
74093001,74093001,CRAN-GEVRIER,45.910833,6.107833,426,20230502,0,1,6.9,1,352,9,20.3,1,1522,9,14.3,1,13.6,1,13.4,1,,,,,0,9,,,,,,,,,,,,,,,,,,,,,,,,,,,,,,
74093001,74093001,CRAN-GEVRIER,45.910833,6.107833,426,20230907,0,1,15.9,1,459,9,30.9,1,1514,9,23.1,1,23.4,1,15,1,,,,,0,9,,,,,,,,,,,,,,,,,,,,,,,,,,,,,,
74093001,74093001,CRAN-GEVRIER,45.910833,6.107833,426,20231009,0.2,1,8.7,1,512,9,27.6,1,1358,9,16.2,1,18.2,1,18.9,1,,,,,0,9,,,,,,,,,,,,,,,,,,,,,,,,,,,,,,
74093001,74093001,CRAN-GEVRIER,45.910833,6.107833,426,20230501,8.3,1,11,1,649,9,16.5,1,1311,9,12.4,1,13.8,1,5.5,1,,,,,0,9,,,,,,,,,,,,,,,,,,,,,,,,,,,,,,
74093001,74093001,CRAN-GEVRIER,45.910833,6.107833,426,20230726,0.2,1,11.3,1,211,9,23.7,1,1630,9,16.8,1,17.5,1,12.4,1,,,,,0,9,,,,,,,,,,,,,,,,,,,,,,,,,,,,,,
74093001,74093001,CRAN-GEVRIER,45.910833,6.107833,426,20230329,0,1,8.1,1,440,9,19.7,1,1544,9,13.1,1,13.9,1,11.6,1,,,,,0,9,,,,,,,,,,,,,,,,,,,,,,,,,,,,,,
74093001,74093001,CRAN-GEVRIER,45.910833,6.107833,426,20231225,0,1,-1.6,1,716,9,11.7,1,1340,9,2.3,1,5.1,1,13.3,1,,,,,659,9,,,,,,,,,,,,,,,,,,,,,,,,,,,,,,
74093001,74093001,CRAN-GEVRIER,45.910833,6.107833,426,20230419,0,1,3.7,1,446,9,20,1,1537,9,11.9,1,11.9,1,16.3,1,,,,,0,9,,,,,,,,,,,,,,,,,,,,,,,,,,,,,,
74093001,74093001,CRAN-GEVRIER,45.910833,6.107833,426,20230621,0.2,1,17.9,1,341,9,31,1,1328,9,23.8,1,24.5,1,13.1,1,,,,,0,9,,,,,,,,,,,,,,,,,,,,,,,,,,,,,,
74093001,74093001,CRAN-GEVRIER,45.910833,6.107833,426,20230714,0,1,13.1,1,407,9,32.1,1,1724,9,23.1,1,22.6,1,19,1,,,,,0,9,,,,,,,,,,,,,,,,,,,,,,,,,,,,,,
74093001,74093001,CRAN-GEVRIER,45.910833,6.107833,426,20230613,0.4,1,16.1,1,135,9,25.9,1,1251,9,19.2,1,21,1,9.8,1,,,,,0,9,,,,,,,,,,,,,,,,,,,,,,,,,,,,,,
74093001,74093001,CRAN-GEVRIER,45.910833,6.107833,426,20230417,0.2,1,3,1,410,9,15.2,1,1636,9,9.2,1,9.1,1,12.2,1,,,,,0,9,,,,,,,,,,,,,,,,,,,,,,,,,,,,,,
74093001,74093001,CRAN-GEVRIER,45.910833,6.107833,426,20231230,0,1,2.9,1,214,9,9.6,1,1340,9,4.4,1,6.3,1,6.7,1,,,,,0,9,,,,,,,,,,,,,,,,,,,,,,,,,,,,,,
74093001,74093001,CRAN-GEVRIER,45.910833,6.107833,426,20231016,0.2,1,6,1,546,9,15.9,1,1307,9,9.8,1,11,1,9.9,1,,,,,0,9,,,,,,,,,,,,,,,,,,,,,,,,,,,,,,
74093001,74093001,CRAN-GEVRIER,45.910833,6.107833,426,20230203,0,1,-4,1,555,9,10.8,1,1459,9,1.4,1,3.4,1,14.8,1,,,,,785,9,,,,,,,,,,,,,,,,,,,,,,,,,,,,,,
74093001,74093001,CRAN-GEVRIER,45.910833,6.107833,426,20230922,5.6,1,11.4,1,621,9,20.7,1,1306,9,14.7,1,16.1,1,9.3,1,,,,,0,9,,,,,,,,,,,,,,,,,,,,,,,,,,,,,,
74093001,74093001,CRAN-GEVRIER,45.910833,6.107833,426,20230224,2.4,1,2,1,637,9,16.5,1,1354,9,9,1,9.3,1,14.5,1,,,,,0,9,,,,,,,,,,,,,,,,,,,,,,,,,,,,,,
74093001,74093001,CRAN-GEVRIER,45.910833,6.107833,426,20231006,0.2,1,8.9,1,609,9,24.1,1,1432,9,15,1,16.5,1,15.2,1,,,,,0,9,,,,,,,,,,,,,,,,,,,,,,,,,,,,,,
74093001,74093001,CRAN-GEVRIER,45.910833,6.107833,426,20230121,0,1,-7.4,1,716,9,1.1,1,1328,9,-2.3,1,-3.2,1,8.5,1,,,,,1185,9,,,,,,,,,,,,,,,,,,,,,,,,,,,,,,
74093001,74093001,CRAN-GEVRIER,45.910833,6.107833,426,20230418,0,1,4.7,1,157,9,19.1,1,1459,9,11.4,1,11.9,1,14.4,1,,,,,0,9,,,,,,,,,,,,,,,,,,,,,,,,,,,,,,
74093001,74093001,CRAN-GEVRIER,45.910833,6.107833,426,20230826,53.7,1,18.1,1,1032,9,25,1,1521,9,20.2,1,21.6,1,6.9,1,,,,,0,9,,,,,,,,,,,,,,,,,,,,,,,,,,,,,,
74093001,74093001,CRAN-GEVRIER,45.910833,6.107833,426,20231128,1.8,1,2.5,1,1745,9,5.9,1,1310,9,3.5,1,4.2,1,3.4,1,,,,,169,9,,,,,,,,,,,,,,,,,,,,,,,,,,,,,,
74093001,74093001,CRAN-GEVRIER,45.910833,6.107833,426,20230911,0,1,14.8,1,435,9,31.6,1,1319,9,22.7,1,23.2,1,16.8,1,,,,,0,9,,,,,,,,,,,,,,,,,,,,,,,,,,,,,,
74093001,74093001,CRAN-GEVRIER,45.910833,6.107833,426,20230130,0,1,-1.1,1,1926,9,5,1,1519,9,0.4,1,2,1,6.1,1,,,,,886,9,,,,,,,,,,,,,,,,,,,,,,,,,,,,,,
74093001,74093001,CRAN-GEVRIER,45.910833,6.107833,426,20230315,0,1,-0.5,1,632,9,12.3,1,1513,9,5.2,1,5.9,1,12.8,1,,,,,149,9,,,,,,,,,,,,,,,,,,,,,,,,,,,,,,
74093001,74093001,CRAN-GEVRIER,45.910833,6.107833,426,20230904,0.2,1,15.2,1,452,9,31.2,1,1347,9,22.5,1,23.2,1,16,1,,,,,0,9,,,,,,,,,,,,,,,,,,,,,,,,,,,,,,
74093001,74093001,CRAN-GEVRIER,45.910833,6.107833,426,20230120,0,1,-8.7,1,628,9,2.8,1,1319,9,-4.3,1,-3,1,11.5,1,,,,,1194,9,,,,,,,,,,,,,,,,,,,,,,,,,,,,,,
74093001,74093001,CRAN-GEVRIER,45.910833,6.107833,426,20230105,0.4,1,6.8,1,1759,9,13.7,1,1336,9,8.1,1,10.3,1,6.9,1,,,,,0,9,,,,,,,,,,,,,,,,,,,,,,,,,,,,,,
74093001,74093001,CRAN-GEVRIER,45.910833,6.107833,426,20231118,0.4,1,-0.3,1,421,9,7.7,1,506,9,4.6,1,3.7,1,8,1,,,,,39,9,,,,,,,,,,,,,,,,,,,,,,,,,,,,,,
74093001,74093001,CRAN-GEVRIER,45.910833,6.107833,426,20230604,4,1,13.5,1,140,9,26.1,1,1246,9,17.2,1,19.8,1,12.6,1,,,,,0,9,,,,,,,,,,,,,,,,,,,,,,,,,,,,,,
74093001,74093001,CRAN-GEVRIER,45.910833,6.107833,426,20230124,0,1,-5.4,1,711,9,4.2,1,1248,9,-1.5,1,-0.6,1,9.6,1,,,,,994,9,,,,,,,,,,,,,,,,,,,,,,,,,,,,,,
74093001,74093001,CRAN-GEVRIER,45.910833,6.107833,426,20230425,0.2,1,8.4,1,534,9,15.6,1,1423,9,10.5,1,12,1,7.2,1,,,,,0,9,,,,,,,,,,,,,,,,,,,,,,,,,,,,,,
74093001,74093001,CRAN-GEVRIER,45.910833,6.107833,426,20231202,1.2,1,-0.3,1,1757,9,1.9,1,601,9,0.7,1,0.8,1,2.2,1,,,,,451,9,,,,,,,,,,,,,,,,,,,,,,,,,,,,,,
74093001,74093001,CRAN-GEVRIER,45.910833,6.107833,426,20230515,0,1,9.2,1,354,9,20,1,1156,9,14.3,1,14.6,1,10.8,1,,,,,0,9,,,,,,,,,,,,,,,,,,,,,,,,,,,,,,
74093001,74093001,CRAN-GEVRIER,45.910833,6.107833,426,20230429,0.4,1,14.4,1,516,9,19.4,1,1537,9,15.7,1,16.9,1,5,1,,,,,0,9,,,,,,,,,,,,,,,,,,,,,,,,,,,,,,
74093001,74093001,CRAN-GEVRIER,45.910833,6.107833,426,20230110,0,1,0.9,1,755,9,8.4,1,1329,9,4.7,1,4.7,1,7.5,1,,,,,0,9,,,,,,,,,,,,,,,,,,,,,,,,,,,,,,
74093001,74093001,CRAN-GEVRIER,45.910833,6.107833,426,20230412,15.4,1,8.8,1,446,9,17.2,1,1119,9,10.7,1,13,1,8.4,1,,,,,0,9,,,,,,,,,,,,,,,,,,,,,,,,,,,,,,1
74093001,74093001,CRAN-GEVRIER,45.910833,6.107833,426,20230810,0,1,13.1,1,445,9,31.5,1,1540,9,22.5,1,22.3,1,18.4,1,,,,,0,9,,,,,,,,,,,,,,,,,,,,,,,,,,,,,,
74093001,74093001,CRAN-GEVRIER,45.910833,6.107833,426,20230320,0,1,3.4,1,401,9,15.7,1,1435,9,8.4,1,9.6,1,12.3,1,,,,,0,9,,,,,,,,,,,,,,,,,,,,,,,,,,,,,,
74093001,74093001,CRAN-GEVRIER,45.910833,6.107833,426,20230512,3.4,1,7.2,1,427,9,17.6,1,1429,9,12.3,1,12.4,1,10.4,1,,,,,0,9,,,,,,,,,,,,,,,,,,,,,,,,,,,,,,
74093001,74093001,CRAN-GEVRIER,45.910833,6.107833,426,20230328,0,1,-2.5,1,508,9,14.3,1,1521,9,6.5,1,5.9,1,16.8,1,,,,,416,9,,,,,,,,,,,,,,,,,,,,,,,,,,,,,,
74093001,74093001,CRAN-GEVRIER,45.910833,6.107833,426,20230829,0,1,11.9,1,251,9,20,1,1347,9,14.8,1,16,1,8.1,1,,,,,0,9,,,,,,,,,,,,,,,,,,,,,,,,,,,,,,
74093001,74093001,CRAN-GEVRIER,45.910833,6.107833,426,20230908,0.2,1,15.9,1,502,9,31.6,1,1456,9,23.3,1,23.8,1,15.7,1,,,,,0,9,,,,,,,,,,,,,,,,,,,,,,,,,,,,,,
74093001,74093001,CRAN-GEVRIER,45.910833,6.107833,426,20230123,0,1,-4,1,702,9,0.5,1,1455,9,-0.9,1,-1.8,1,4.5,1,,,,,1105,9,,,,,,,,,,,,,,,,,,,,,,,,,,,,,,
74093001,74093001,CRAN-GEVRIER,45.910833,6.107833,426,20230615,0,1,11.1,1,353,9,28.1,1,1443,9,20.3,1,19.6,1,17,1,,,,,0,9,,,,,,,,,,,,,,,,,,,,,,,,,,,,,,
74093001,74093001,CRAN-GEVRIER,45.910833,6.107833,426,20230516,1.8,1,8.7,1,357,9,16,1,818,9,12,1,12.4,1,7.3,1,,,,,0,9,,,,,,,,,,,,,,,,,,,,,,,,,,,,,,
74093001,74093001,CRAN-GEVRIER,45.910833,6.107833,426,20230317,0,1,0.5,1,530,9,18.4,1,1450,9,9.3,1,9.5,1,17.9,1,,,,,0,9,,,,,,,,,,,,,,,,,,,,,,,,,,,,,,
74093001,74093001,CRAN-GEVRIER,45.910833,6.107833,426,20230809,0,1,11.9,1,440,9,30,1,1527,9,21.5,1,21,1,18.1,1,,,,,0,9,,,,,,,,,,,,,,,,,,,,,,,,,,,,,,
74093001,74093001,CRAN-GEVRIER,45.910833,6.107833,426,20231031,5.8,1,8.3,1,241,9,10.8,1,1318,9,9,1,9.6,1,2.5,1,,,,,0,9,,,,,,,,,,,,,,,,,,,,,,,,,,,,,,
74093001,74093001,CRAN-GEVRIER,45.910833,6.107833,426,20231108,0.4,1,-0.2,1,627,9,13.1,1,1330,9,4.5,1,6.5,1,13.3,1,,,,,60,9,,,,,,,,,,,,,,,,,,,,,,,,,,,,,,
74093001,74093001,CRAN-GEVRIER,45.910833,6.107833,426,20230211,0,1,-6,1,626,9,10.6,1,1446,9,0.2,1,2.3,1,16.6,1,,,,,868,9,,,,,,,,,,,,,,,,,,,,,,,,,,,,,,
74093001,74093001,CRAN-GEVRIER,45.910833,6.107833,426,20230619,0.8,1,17.7,1,352,9,30,1,1458,9,23.3,1,23.9,1,12.3,1,,,,,0,9,,,,,,,,,,,,,,,,,,,,,,,,,,,,,,
74093001,74093001,CRAN-GEVRIER,45.910833,6.107833,426,20231122,0,1,5.8,1,1749,9,11.1,1,1316,9,7.6,1,8.5,1,5.3,1,,,,,0,9,,,,,,,,,,,,,,,,,,,,,,,,,,,,,,
74093001,74093001,CRAN-GEVRIER,45.910833,6.107833,426,20230513,3.2,1,9.9,1,2203,9,16.4,1,1330,9,12,1,13.2,1,6.5,1,,,,,0,9,,,,,,,,,,,,,,,,,,,,,,,,,,,,,,
74093001,74093001,CRAN-GEVRIER,45.910833,6.107833,426,20231224,0,1,0,1,756,9,10.9,1,1303,9,4.5,1,5.5,1,10.9,1,,,,,2,9,,,,,,,,,,,,,,,,,,,,,,,,,,,,,,
74093001,74093001,CRAN-GEVRIER,45.910833,6.107833,426,20230217,0,1,-1.1,1,543,9,17,1,1357,9,6.4,1,8,1,18.1,1,,,,,464,9,,,,,,,,,,,,,,,,,,,,,,,,,,,,,,
74093001,74093001,CRAN-GEVRIER,45.910833,6.107833,426,20230603,2.6,1,12.3,1,409,9,27.3,1,1322,9,18.4,1,19.8,1,15,1,,,,,0,9,,,,,,,,,,,,,,,,,,,,,,,,,,,,,,
74093001,74093001,CRAN-GEVRIER,45.910833,6.107833,426,20230311,6,1,4.5,1,2302,9,10.8,1,1442,9,7.6,1,7.7,1,6.3,1,,,,,0,9,,,,,,,,,,,,,,,,,,,,,,,,,,,,,,
74093001,74093001,CRAN-GEVRIER,45.910833,6.107833,426,20230729,5.2,1,17.7,1,440,9,24.5,1,946,9,20.4,1,21.1,1,6.8,1,,,,,0,9,,,,,,,,,,,,,,,,,,,,,,,,,,,,,,
74093001,74093001,CRAN-GEVRIER,45.910833,6.107833,426,20230526,0,1,10,1,404,9,26.7,1,1451,9,19,1,18.4,1,16.7,1,,,,,0,9,,,,,,,,,,,,,,,,,,,,,,,,,,,,,,
74093001,74093001,CRAN-GEVRIER,45.910833,6.107833,426,20231203,0,1,-4.5,1,753,9,2.3,1,1341,9,-1.9,1,-1.1,1,6.8,1,,,,,1142,9,,,,,,,,,,,,,,,,,,,,,,,,,,,,,,
74093001,74093001,CRAN-GEVRIER,45.910833,6.107833,426,20230812,0,1,18.9,1,234,9,32.1,1,1127,9,25.3,1,25.5,1,13.2,1,,,,,0,9,,,,,,,,,,,,,,,,,,,,,,,,,,,,,,
74093001,74093001,CRAN-GEVRIER,45.910833,6.107833,426,20231102,36.9,1,6.5,1,2105,9,10.5,1,757,9,8.7,1,8.5,1,4,1,,,,,0,9,,,,,,,,,,,,,,,,,,,,,,,,,,,,,,
74093001,74093001,CRAN-GEVRIER,45.910833,6.107833,426,20230114,1.4,1,0.7,1,534,9,9.8,1,132,9,5,1,5.3,1,9.1,1,,,,,0,9,,,,,,,,,,,,,,,,,,,,,,,,,,,,,,
74093001,74093001,CRAN-GEVRIER,45.910833,6.107833,426,20230104,2.2,1,6.3,1,703,9,9.7,1,1446,9,7.8,1,8,1,3.4,1,,,,,0,9,,,,,,,,,,,,,,,,,,,,,,,,,,,,,,
74093001,74093001,CRAN-GEVRIER,45.910833,6.107833,426,20230916,0.8,1,16.6,1,17,9,25.5,1,1451,9,19.4,1,21.1,1,8.9,1,,,,,0,9,,,,,,,,,,,,,,,,,,,,,,,,,,,,,,
74093001,74093001,CRAN-GEVRIER,45.910833,6.107833,426,20230428,14.9,1,12.6,1,2223,9,24.1,1,1329,9,18.3,1,18.4,1,11.5,1,,,,,0,9,,,,,,,,,,,,,,,,,,,,,,,,,,,,,,
74093001,74093001,CRAN-GEVRIER,45.910833,6.107833,426,20230719,0,1,22.6,1,409,9,31.4,1,1232,9,25.6,1,27,1,8.8,1,,,,,0,9,,,,,,,,,,,,,,,,,,,,,,,,,,,,,,
74093001,74093001,CRAN-GEVRIER,45.910833,6.107833,426,20230701,0.8,1,14.5,1,440,9,21.7,1,1014,9,18.2,1,18.1,1,7.2,1,,,,,0,9,,,,,,,,,,,,,,,,,,,,,,,,,,,,,,
74093001,74093001,CRAN-GEVRIER,45.910833,6.107833,426,20231010,0.2,1,8.8,1,544,9,27,1,1425,9,16.1,1,17.9,1,18.2,1,,,,,0,9,,,,,,,,,,,,,,,,,,,,,,,,,,,,,,
74093001,74093001,CRAN-GEVRIER,45.910833,6.107833,426,20231209,12.9,1,4.3,1,649,9,7.9,1,2307,9,5.9,1,6.1,1,3.6,1,,,,,0,9,,,,,,,,,,,,,,,,,,,,,,,,,,,,,,
74093001,74093001,CRAN-GEVRIER,45.910833,6.107833,426,20230122,0,1,-2.2,1,653,9,2.2,1,1139,9,-0.5,1,0,1,4.4,1,,,,,908,9,,,,,,,,,,,,,,,,,,,,,,,,,,,,,,
74093001,74093001,CRAN-GEVRIER,45.910833,6.107833,426,20230919,2,1,15.1,1,256,9,23.9,1,1518,9,17.5,1,19.5,1,8.8,1,,,,,0,9,,,,,,,,,,,,,,,,,,,,,,,,,,,,,,
74093001,74093001,CRAN-GEVRIER,45.910833,6.107833,426,20230116,3.6,1,-1,1,356,9,6.7,1,1229,9,2.6,1,2.9,1,7.7,1,,,,,364,9,,,,,,,,,,,,,,,,,,,,,,,,,,,,,,
74093001,74093001,CRAN-GEVRIER,45.910833,6.107833,426,20231205,0.8,1,2.9,1,1801,9,7.6,1,1200,9,4.1,1,5.3,1,4.7,1,,,,,0,9,,,,,,,,,,,,,,,,,,,,,,,,,,,,,,
74093001,74093001,CRAN-GEVRIER,45.910833,6.107833,426,20230220,0,1,-0.8,1,551,9,16.4,1,1515,9,6.1,1,7.8,1,17.2,1,,,,,247,9,,,,,,,,,,,,,,,,,,,,,,,,,,,,,,
74093001,74093001,CRAN-GEVRIER,45.910833,6.107833,426,20231008,0.2,1,8,1,532,9,26.3,1,1439,9,15.5,1,17.2,1,18.3,1,,,,,0,9,,,,,,,,,,,,,,,,,,,,,,,,,,,,,,
74093001,74093001,CRAN-GEVRIER,45.910833,6.107833,426,20230404,0,1,1.5,1,452,9,11.1,1,1554,9,5.3,1,6.3,1,9.6,1,,,,,0,9,,,,,,,,,,,,,,,,,,,,,,,,,,,,,,
74093001,74093001,CRAN-GEVRIER,45.910833,6.107833,426,20230530,0,1,11.9,1,355,9,26.8,1,1418,9,19.6,1,19.4,1,14.9,1,,,,,0,9,,,,,,,,,,,,,,,,,,,,,,,,,,,,,,
74093001,74093001,CRAN-GEVRIER,45.910833,6.107833,426,20230522,0,1,11.2,1,421,9,25.6,1,1329,9,18.9,1,18.4,1,14.4,1,,,,,0,9,,,,,,,,,,,,,,,,,,,,,,,,,,,,,,
74093001,74093001,CRAN-GEVRIER,45.910833,6.107833,426,20230426,0,1,1.7,1,452,9,19.4,1,1420,9,11.3,1,10.6,1,17.7,1,,,,,0,9,,,,,,,,,,,,,,,,,,,,,,,,,,,,,,
74093001,74093001,CRAN-GEVRIER,45.910833,6.107833,426,20230815,0,1,17.6,1,401,9,33.9,1,1628,9,25.2,1,25.8,1,16.3,1,,,,,0,9,,,,,,,,,,,,,,,,,,,,,,,,,,,,,,
74093001,74093001,CRAN-GEVRIER,45.910833,6.107833,426,20230525,0.8,1,10.9,1,2351,9,23.5,1,1538,9,16.6,1,17.2,1,12.6,1,,,,,0,9,,,,,,,,,,,,,,,,,,,,,,,,,,,,,,
74093001,74093001,CRAN-GEVRIER,45.910833,6.107833,426,20230306,0,1,-3.3,1,427,9,11.2,1,1335,9,3.1,1,4,1,14.5,1,,,,,614,9,,,,,,,,,,,,,,,,,,,,,,,,,,,,,,
74093001,74093001,CRAN-GEVRIER,45.910833,6.107833,426,20230909,0,1,16,1,523,9,32.5,1,1501,9,23.6,1,24.3,1,16.5,1,,,,,0,9,,,,,,,,,,,,,,,,,,,,,,,,,,,,,,
74093001,74093001,CRAN-GEVRIER,45.910833,6.107833,426,20231022,0.8,1,8.7,1,655,9,16.4,1,1408,9,11.2,1,12.6,1,7.7,1,,,,,0,9,,,,,,,,,,,,,,,,,,,,,,,,,,,,,,
74093001,74093001,CRAN-GEVRIER,45.910833,6.107833,426,20230118,4.4,1,-0.8,1,1757,9,2.4,1,929,9,0.1,1,0.8,1,3.2,1,,,,,471,9,,,,,,,,,,,,,,,,,,,,,,,,,,,,,,
74093001,74093001,CRAN-GEVRIER,45.910833,6.107833,426,20230319,11.7,1,6,1,435,9,12.7,1,1409,9,8.4,1,9.4,1,6.7,1,,,,,0,9,,,,,,,,,,,,,,,,,,,,,,,,,,,,,,
74093001,74093001,CRAN-GEVRIER,45.910833,6.107833,426,20230107,0.4,1,2.2,1,742,9,12.3,1,1342,9,6.1,1,7.3,1,10.1,1,,,,,0,9,,,,,,,,,,,,,,,,,,,,,,,,,,,,,,
74093001,74093001,CRAN-GEVRIER,45.910833,6.107833,426,20230705,0.4,1,17.5,1,2327,9,25.6,1,1658,9,20.5,1,21.6,1,8.1,1,,,,,0,9,,,,,,,,,,,,,,,,,,,,,,,,,,,,,,
74093001,74093001,CRAN-GEVRIER,45.910833,6.107833,426,20230225,0,1,5.8,1,633,9,13.6,1,1324,9,7.8,1,9.7,1,7.8,1,,,,,0,9,,,,,,,,,,,,,,,,,,,,,,,,,,,,,,
74093001,74093001,CRAN-GEVRIER,45.910833,6.107833,426,20230805,0,1,12.4,1,511,9,24.8,1,1406,9,18.8,1,18.6,1,12.4,1,,,,,0,9,,,,,,,,,,,,,,,,,,,,,,,,,,,,,,
74093001,74093001,CRAN-GEVRIER,45.910833,6.107833,426,20230917,21,1,14.5,1,446,9,29.9,1,1517,9,21,1,22.2,1,15.4,1,,,,,0,9,,,,,,,,,,,,,,,,,,,,,,,,,,,,,,
74093001,74093001,CRAN-GEVRIER,45.910833,6.107833,426,20230407,3.8,1,4.2,1,325,9,10.7,1,1054,9,6.3,1,7.5,1,6.5,1,,,,,0,9,,,,,,,,,,,,,,,,,,,,,,,,,,,,,,
74093001,74093001,CRAN-GEVRIER,45.910833,6.107833,426,20230606,0,1,10.2,1,358,9,28.2,1,1503,9,19.6,1,19.2,1,18,1,,,,,0,9,,,,,,,,,,,,,,,,,,,,,,,,,,,,,,
74093001,74093001,CRAN-GEVRIER,45.910833,6.107833,426,20230401,24,1,5.3,1,1741,9,11.8,1,1445,9,7.1,1,8.6,1,6.5,1,,,,,0,9,,,,,,,,,,,,,,,,,,,,,,,,,,,,,,
74093001,74093001,CRAN-GEVRIER,45.910833,6.107833,426,20230204,0,1,-3.1,1,310,9,12.2,1,1306,9,4.4,1,4.6,1,15.3,1,,,,,533,9,,,,,,,,,,,,,,,,,,,,,,,,,,,,,,
74093001,74093001,CRAN-GEVRIER,45.910833,6.107833,426,20230415,11.3,1,6.3,1,419,9,9.2,1,1521,9,7,1,7.8,1,2.9,1,,,,,0,9,,,,,,,,,,,,,,,,,,,,,,,,,,,,,,
74093001,74093001,CRAN-GEVRIER,45.910833,6.107833,426,20230612,0.6,1,15.3,1,356,9,29.3,1,1413,9,21.8,1,22.3,1,14,1,,,,,0,9,,,,,,,,,,,,,,,,,,,,,,,,,,,,,,
74093001,74093001,CRAN-GEVRIER,45.910833,6.107833,426,20231014,8.3,1,14.4,1,1758,9,18.9,1,1453,9,15.4,1,16.7,1,4.5,1,,,,,0,9,,,,,,,,,,,,,,,,,,,,,,,,,,,,,,
74093001,74093001,CRAN-GEVRIER,45.910833,6.107833,426,20230321,0,1,1.6,1,554,9,17.4,1,1240,9,9.1,1,9.5,1,15.8,1,,,,,0,9,,,,,,,,,,,,,,,,,,,,,,,,,,,,,,
74093001,74093001,CRAN-GEVRIER,45.910833,6.107833,426,20230327,1.6,1,5.1,1,1800,9,8.4,1,838,9,4.9,1,6.8,1,3.3,1,,,,,97,9,,,,,,,,,,,,,,,,,,,,,,,,,,,,,,
74093001,74093001,CRAN-GEVRIER,45.910833,6.107833,426,20230408,0,1,-0.7,1,513,9,15.7,1,1448,9,7.8,1,7.5,1,16.4,1,,,,,203,9,,,,,,,,,,,,,,,,,,,,,,,,,,,,,,
74093001,74093001,CRAN-GEVRIER,45.910833,6.107833,426,20231218,0,1,-1.3,1,759,9,7,1,1309,9,0.9,1,2.9,1,8.3,1,,,,,848,9,,,,,,,,,,,,,,,,,,,,,,,,,,,,,,
74093001,74093001,CRAN-GEVRIER,45.910833,6.107833,426,20231227,0,1,-3.9,1,600,9,9.8,1,1320,9,0.5,1,3,1,13.7,1,,,,,879,9,,,,,,,,,,,,,,,,,,,,,,,,,,,,,,
74093001,74093001,CRAN-GEVRIER,45.910833,6.107833,426,20230410,3.4,1,2.2,1,506,9,18.5,1,1429,9,11.5,1,10.4,1,16.3,1,,,,,0,9,,,,,,,,,,,,,,,,,,,,,,,,,,,,,,
74093001,74093001,CRAN-GEVRIER,45.910833,6.107833,426,20230818,0,1,15.4,1,452,9,36.5,1,1442,9,25.8,1,26,1,21.1,1,,,,,0,9,,,,,,,,,,,,,,,,,,,,,,,,,,,,,,
74093001,74093001,CRAN-GEVRIER,45.910833,6.107833,426,20230821,0,1,19,1,449,9,38.5,1,1450,9,28.9,1,28.8,1,19.5,1,,,,,0,9,,,,,,,,,,,,,,,,,,,,,,,,,,,,,,
74093001,74093001,CRAN-GEVRIER,45.910833,6.107833,426,20231223,0,1,2.9,1,529,9,8.8,1,1303,9,5.9,1,5.9,1,5.9,1,,,,,0,9,,,,,,,,,,,,,,,,,,,,,,,,,,,,,,
74093001,74093001,CRAN-GEVRIER,45.910833,6.107833,426,20230423,7.2,1,10.4,1,416,9,20.3,1,1308,9,13,1,15.4,1,9.9,1,,,,,0,9,,,,,,,,,,,,,,,,,,,,,,,,,,,,,,
74093001,74093001,CRAN-GEVRIER,45.910833,6.107833,426,20230207,0,1,-0.7,1,414,9,8.4,1,1444,9,1.8,1,3.9,1,9.1,1,,,,,386,9,,,,,,,,,,,,,,,,,,,,,,,,,,,,,,
74093001,74093001,CRAN-GEVRIER,45.910833,6.107833,426,20230717,0,1,20.4,1,423,9,31.7,1,1503,9,25.1,1,26.1,1,11.3,1,,,,,0,9,,,,,,,,,,,,,,,,,,,,,,,,,,,,,,
74093001,74093001,CRAN-GEVRIER,45.910833,6.107833,426,20231204,11.7,1,-4.4,1,2342,9,4.9,1,1907,9,0.9,1,0.3,1,9.3,1,,,,,545,9,,,,,,,,,,,,,,,,,,,,,,,,,,,,,,
74093001,74093001,CRAN-GEVRIER,45.910833,6.107833,426,20230921,32.2,1,15,1,540,9,26,1,1312,9,18,1,20.5,1,11,1,,,,,0,9,,,,,,,,,,,,,,,,,,,,,,,,,,,,,,
74093001,74093001,CRAN-GEVRIER,45.910833,6.107833,426,20230331,12.2,1,7.9,1,1718,9,18,1,1148,9,11.5,1,13,1,10.1,1,,,,,0,9,,,,,,,,,,,,,,,,,,,,,,,,,,,,,,
74093001,74093001,CRAN-GEVRIER,45.910833,6.107833,426,20231112,15.1,1,2.8,1,2054,9,10.2,1,1349,9,7.7,1,6.5,1,7.4,1,,,,,0,9,,,,,,,,,,,,,,,,,,,,,,,,,,,,,,1
74093001,74093001,CRAN-GEVRIER,45.910833,6.107833,426,20230312,2,1,7.4,1,216,9,16.1,1,1513,9,10,1,11.8,1,8.7,1,,,,,0,9,,,,,,,,,,,,,,,,,,,,,,,,,,,,,,
74093001,74093001,CRAN-GEVRIER,45.910833,6.107833,426,20231211,16.7,1,7.1,1,2252,9,11.8,1,1501,9,9.6,1,9.5,1,4.7,1,,,,,0,9,,,,,,,,,,,,,,,,,,,,,,,,,,,,,,
74093001,74093001,CRAN-GEVRIER,45.910833,6.107833,426,20230910,0,1,15.8,1,509,9,32.5,1,1541,9,23.2,1,24.2,1,16.7,1,,,,,0,9,,,,,,,,,,,,,,,,,,,,,,,,,,,,,,
74093001,74093001,CRAN-GEVRIER,45.910833,6.107833,426,20230817,0,1,17.8,1,404,9,35.1,1,1438,9,25.4,1,26.5,1,17.3,1,,,,,0,9,,,,,,,,,,,,,,,,,,,,,,,,,,,,,,
74093001,74093001,CRAN-GEVRIER,45.910833,6.107833,426,20230824,0,1,20.3,1,505,9,39.5,1,1429,9,29.4,1,29.9,1,19.2,1,,,,,0,9,,,,,,,,,,,,,,,,,,,,,,,,,,,,,,
74093001,74093001,CRAN-GEVRIER,45.910833,6.107833,426,20230610,11,1,16.5,1,345,9,25.8,1,1236,9,19.8,1,21.2,1,9.3,1,,,,,0,9,,,,,,,,,,,,,,,,,,,,,,,,,,,,,,
74093001,74093001,CRAN-GEVRIER,45.910833,6.107833,426,20230811,0,1,14.9,1,448,9,34.9,1,1534,9,25,1,24.9,1,20,1,,,,,0,9,,,,,,,,,,,,,,,,,,,,,,,,,,,,,,
74093001,74093001,CRAN-GEVRIER,45.910833,6.107833,426,20230119,0,1,-6.5,1,619,9,4.1,1,1314,9,-3.3,1,-1.2,1,10.6,1,,,,,1188,9,,,,,,,,,,,,,,,,,,,,,,,,,,,,,,
74093001,74093001,CRAN-GEVRIER,45.910833,6.107833,426,20230109,5.8,1,3.4,1,1716,9,6.8,1,1153,9,5.1,1,5.1,1,3.4,1,,,,,0,9,,,,,,,,,,,,,,,,,,,,,,,,,,,,,,
74093001,74093001,CRAN-GEVRIER,45.910833,6.107833,426,20230414,6.6,1,0.7,1,516,9,12.8,1,1201,9,7.5,1,6.8,1,12.1,1,,,,,0,9,,,,,,,,,,,,,,,,,,,,,,,,,,,,,,
74093001,74093001,CRAN-GEVRIER,45.910833,6.107833,426,20230108,15.5,1,2.8,1,2210,9,9.9,1,39,9,6.9,1,6.4,1,7.1,1,,,,,0,9,,,,,,,,,,,,,,,,,,,,,,,,,,,,,,
74093001,74093001,CRAN-GEVRIER,45.910833,6.107833,426,20231219,3.4,1,-2.9,1,431,9,10.1,1,1324,9,2.1,1,3.6,1,13,1,,,,,573,9,,,,,,,,,,,,,,,,,,,,,,,,,,,,,,
74093001,74093001,CRAN-GEVRIER,45.910833,6.107833,426,20230629,12.5,1,14.7,1,403,9,30.1,1,1535,9,23,1,22.4,1,15.4,1,,,,,0,9,,,,,,,,,,,,,,,,,,,,,,,,,,,,,,
74093001,74093001,CRAN-GEVRIER,45.910833,6.107833,426,20231130,41.9,1,1,1,2000,9,7.4,1,301,9,4.5,1,4.2,1,6.4,1,,,,,0,9,,,,,,,,,,,,,,,,,,,,,,,,,,,,,,
74093001,74093001,CRAN-GEVRIER,45.910833,6.107833,426,20230627,0,1,15.1,1,345,9,27.9,1,1444,9,21.6,1,21.5,1,12.8,1,,,,,0,9,,,,,,,,,,,,,,,,,,,,,,,,,,,,,,
74093001,74093001,CRAN-GEVRIER,45.910833,6.107833,426,20230129,0,1,-0.9,1,127,9,2.9,1,1424,9,0.1,1,1,1,3.8,1,,,,,954,9,,,,,,,,,,,,,,,,,,,,,,,,,,,,,,
74093001,74093001,CRAN-GEVRIER,45.910833,6.107833,426,20230822,0,1,20.2,1,500,9,39.2,1,1534,9,29.4,1,29.7,1,19,1,,,,,0,9,,,,,,,,,,,,,,,,,,,,,,,,,,,,,,
74093001,74093001,CRAN-GEVRIER,45.910833,6.107833,426,20230724,4.2,1,18.9,1,452,9,26,1,1219,9,21.3,1,22.5,1,7.1,1,,,,,0,9,,,,,,,,,,,,,,,,,,,,,,,,,,,,,,
74093001,74093001,CRAN-GEVRIER,45.910833,6.107833,426,20230307,5.2,1,-4.1,1,549,9,10.1,1,1339,9,2.7,1,3,1,14.2,1,,,,,505,9,,,,,,,,,,,,,,,,,,,,,,,,,,,,,,
74093001,74093001,CRAN-GEVRIER,45.910833,6.107833,426,20231025,12.2,1,8.4,1,220,9,14.2,1,1504,9,11.4,1,11.3,1,5.8,1,,,,,0,9,,,,,,,,,,,,,,,,,,,,,,,,,,,,,,
74093001,74093001,CRAN-GEVRIER,45.910833,6.107833,426,20230905,0,1,15.3,1,439,9,32.1,1,1427,9,23.2,1,23.7,1,16.8,1,,,,,0,9,,,,,,,,,,,,,,,,,,,,,,,,,,,,,,
74093001,74093001,CRAN-GEVRIER,45.910833,6.107833,426,20230316,0,1,-1.4,1,441,9,15.9,1,1549,9,6.3,1,7.3,1,17.3,1,,,,,366,9,,,,,,,,,,,,,,,,,,,,,,,,,,,,,,
74093001,74093001,CRAN-GEVRIER,45.910833,6.107833,426,20230318,0,1,1.6,1,541,9,13.9,1,1421,9,8.5,1,7.8,1,12.3,1,,,,,0,9,,,,,,,,,,,,,,,,,,,,,,,,,,,,,,
74093001,74093001,CRAN-GEVRIER,45.910833,6.107833,426,20230322,0,1,2.1,1,544,9,21,1,1519,9,11.4,1,11.6,1,18.9,1,,,,,0,9,,,,,,,,,,,,,,,,,,,,,,,,,,,,,,
74093001,74093001,CRAN-GEVRIER,45.910833,6.107833,426,20230708,0,1,20.1,1,50,9,33.7,1,1649,9,25.8,1,26.9,1,13.6,1,,,,,0,9,,,,,,,,,,,,,,,,,,,,,,,,,,,,,,
74093001,74093001,CRAN-GEVRIER,45.910833,6.107833,426,20230324,7.5,1,10.5,1,1729,9,15.2,1,1106,9,11.2,1,12.9,1,4.7,1,,,,,0,9,,,,,,,,,,,,,,,,,,,,,,,,,,,,,,
74093001,74093001,CRAN-GEVRIER,45.910833,6.107833,426,20230125,0,1,-4.4,1,237,9,2.3,1,1249,9,-0.3,1,-1.1,1,6.7,1,,,,,564,9,,,,,,,,,,,,,,,,,,,,,,,,,,,,,,
74093001,74093001,CRAN-GEVRIER,45.910833,6.107833,426,20230323,1.4,1,9.5,1,2326,9,17.9,1,1202,9,13.4,1,13.7,1,8.4,1,,,,,0,9,,,,,,,,,,,,,,,,,,,,,,,,,,,,,,
74093001,74093001,CRAN-GEVRIER,45.910833,6.107833,426,20230313,33.4,1,7.2,1,2216,9,21.5,1,1442,9,13.5,1,14.4,1,14.3,1,,,,,0,9,,,,,,,,,,,,,,,,,,,,,,,,,,,,,,
74093001,74093001,CRAN-GEVRIER,45.910833,6.107833,426,20230819,0,1,17.1,1,452,9,37,1,1452,9,26.8,1,27.1,1,19.9,1,,,,,0,9,,,,,,,,,,,,,,,,,,,,,,,,,,,,,,
74093001,74093001,CRAN-GEVRIER,45.910833,6.107833,426,20230511,0,1,7.1,1,440,9,18,1,1449,9,12.3,1,12.6,1,10.9,1,,,,,0,9,,,,,,,,,,,,,,,,,,,,,,,,,,,,,,
74093001,74093001,CRAN-GEVRIER,45.910833,6.107833,426,20230422,2.2,1,6,1,344,9,17.8,1,1527,9,11.8,1,11.9,1,11.8,1,,,,,0,9,,,,,,,,,,,,,,,,,,,,,,,,,,,,,,
74093001,74093001,CRAN-GEVRIER,45.910833,6.107833,426,20230103,0.2,1,7.3,1,547,9,9.5,1,1400,9,8.2,1,8.4,1,2.2,1,,,,,0,9,,,,,,,,,,,,,,,,,,,,,,,,,,,,,,
74093001,74093001,CRAN-GEVRIER,45.910833,6.107833,426,20230712,1.2,1,20.2,1,407,9,29.9,1,1120,9,23.7,1,25.1,1,9.7,1,,,,,0,9,,,,,,,,,,,,,,,,,,,,,,,,,,,,,,
74093001,74093001,CRAN-GEVRIER,45.910833,6.107833,426,20230710,0,1,19.1,1,410,9,34.7,1,1441,9,27.3,1,26.9,1,15.6,1,,,,,0,9,,,,,,,,,,,,,,,,,,,,,,,,,,,,,,
74093001,74093001,CRAN-GEVRIER,45.910833,6.107833,426,20230823,0,1,20.2,1,517,9,39.4,1,1423,9,29.5,1,29.8,1,19.2,1,,,,,0,9,,,,,,,,,,,,,,,,,,,,,,,,,,,,,,
74093001,74093001,CRAN-GEVRIER,45.910833,6.107833,426,20231215,0,1,0.5,1,313,9,8.9,1,1323,9,3.1,1,4.7,1,8.4,1,,,,,96,9,,,,,,,,,,,,,,,,,,,,,,,,,,,,,,
74093001,74093001,CRAN-GEVRIER,45.910833,6.107833,426,20230727,0,1,10.1,1,448,9,30.1,1,1624,9,20.6,1,20.1,1,20,1,,,,,0,9,,,,,,,,,,,,,,,,,,,,,,,,,,,,,,
74093001,74093001,CRAN-GEVRIER,45.910833,6.107833,426,20230713,0,1,17.1,1,533,9,28,1,1551,9,21.7,1,22.6,1,10.9,1,,,,,0,9,,,,,,,,,,,,,,,,,,,,,,,,,,,,,,
